date_start,date_stop,campaign_id,campaign_name,adset_id,adset_name,objective,impressions,clicks,spend,reach,frequency,actions,_fivetran_synced,_fivetran_deleted
2024-01-01,2024-01-01,221001,TOF - Awareness,221001a,Broad Audience,BRAND_AWARENESS,10672,384,869.38,7470,2.6,"[{""action_type"":""purchase"",""value"":""13.44""},{""action_type"":""link_click"",""value"":""384""}]",2024-01-01T07:00:00Z,false
2024-01-01,2024-01-01,221002,MOF - Traffic,221002a,Lookalike 2%,LINK_CLICKS,18319,834,1463.53,12823,1.76,"[{""action_type"":""purchase"",""value"":""40.46""},{""action_type"":""link_click"",""value"":""834""}]",2024-01-01T07:00:00Z,false
2024-01-01,2024-01-01,221003,BOF - Conversions,221003a,Retargeting 30d,CONVERSIONS,10024,422,875.85,7016,1.18,"[{""action_type"":""purchase"",""value"":""11.75""},{""action_type"":""link_click"",""value"":""422""}]",2024-01-01T07:00:00Z,false
2024-01-01,2024-01-01,221004,BOF - Catalogue,221004a,DPA All Products,PRODUCT_CATALOG_SALES,3963,64,93.18,2774,1.85,"[{""action_type"":""purchase"",""value"":""2.42""},{""action_type"":""link_click"",""value"":""64""}]",2024-01-01T07:00:00Z,false
2024-01-02,2024-01-02,221001,TOF - Awareness,221001a,Broad Audience,BRAND_AWARENESS,6707,150,322.84,4694,3.15,"[{""action_type"":""purchase"",""value"":""8.11""},{""action_type"":""link_click"",""value"":""150""}]",2024-01-02T07:00:00Z,false
2024-01-02,2024-01-02,221002,MOF - Traffic,221002a,Lookalike 2%,LINK_CLICKS,15065,229,309.66,10545,1.8,"[{""action_type"":""purchase"",""value"":""10.01""},{""action_type"":""link_click"",""value"":""229""}]",2024-01-02T07:00:00Z,false
2024-01-02,2024-01-02,221003,BOF - Conversions,221003a,Retargeting 30d,CONVERSIONS,17285,257,394.26,12099,1.13,"[{""action_type"":""purchase"",""value"":""4.74""},{""action_type"":""link_click"",""value"":""257""}]",2024-01-02T07:00:00Z,false
2024-01-02,2024-01-02,221004,BOF - Catalogue,221004a,DPA All Products,PRODUCT_CATALOG_SALES,14587,650,950.11,10210,3.26,"[{""action_type"":""purchase"",""value"":""44.04""},{""action_type"":""link_click"",""value"":""650""}]",2024-01-02T07:00:00Z,false
2024-01-03,2024-01-03,221001,TOF - Awareness,221001a,Broad Audience,BRAND_AWARENESS,12729,602,1299.47,8910,1.4,"[{""action_type"":""purchase"",""value"":""12.88""},{""action_type"":""link_click"",""value"":""602""}]",2024-01-03T07:00:00Z,false
2024-01-03,2024-01-03,221002,MOF - Traffic,221002a,Lookalike 2%,LINK_CLICKS,18866,540,1361.81,13206,1.23,"[{""action_type"":""purchase"",""value"":""21.51""},{""action_type"":""link_click"",""value"":""540""}]",2024-01-03T07:00:00Z,false
2024-01-03,2024-01-03,221003,BOF - Conversions,221003a,Retargeting 30d,CONVERSIONS,14885,449,1222.8,10419,1.88,"[{""action_type"":""purchase"",""value"":""10.29""},{""action_type"":""link_click"",""value"":""449""}]",2024-01-03T07:00:00Z,false
2024-01-03,2024-01-03,221004,BOF - Catalogue,221004a,DPA All Products,PRODUCT_CATALOG_SALES,3656,77,144.32,2559,2.68,"[{""action_type"":""purchase"",""value"":""4.66""},{""action_type"":""link_click"",""value"":""77""}]",2024-01-03T07:00:00Z,false
2024-01-04,2024-01-04,221001,TOF - Awareness,221001a,Broad Audience,BRAND_AWARENESS,11363,357,874.11,7954,3.21,"[{""action_type"":""purchase"",""value"":""12.8""},{""action_type"":""link_click"",""value"":""357""}]",2024-01-04T07:00:00Z,false
2024-01-04,2024-01-04,221002,MOF - Traffic,221002a,Lookalike 2%,LINK_CLICKS,13985,567,760.72,9789,2.43,"[{""action_type"":""purchase"",""value"":""19.3""},{""action_type"":""link_click"",""value"":""567""}]",2024-01-04T07:00:00Z,false
2024-01-04,2024-01-04,221003,BOF - Conversions,221003a,Retargeting 30d,CONVERSIONS,8378,205,238.58,5864,2.13,"[{""action_type"":""purchase"",""value"":""6.8""},{""action_type"":""link_click"",""value"":""205""}]",2024-01-04T07:00:00Z,false
2024-01-04,2024-01-04,221004,BOF - Catalogue,221004a,DPA All Products,PRODUCT_CATALOG_SALES,11165,480,928.06,7815,1.32,"[{""action_type"":""purchase"",""value"":""22.4""},{""action_type"":""link_click"",""value"":""480""}]",2024-01-04T07:00:00Z,false
2024-01-05,2024-01-05,221001,TOF - Awareness,221001a,Broad Audience,BRAND_AWARENESS,5168,133,309.66,3617,3.35,"[{""action_type"":""purchase"",""value"":""4.04""},{""action_type"":""link_click"",""value"":""133""}]",2024-01-05T07:00:00Z,false
2024-01-05,2024-01-05,221002,MOF - Traffic,221002a,Lookalike 2%,LINK_CLICKS,6727,120,200.52,4708,1.11,"[{""action_type"":""purchase"",""value"":""4.8""},{""action_type"":""link_click"",""value"":""120""}]",2024-01-05T07:00:00Z,false
2024-01-05,2024-01-05,221003,BOF - Conversions,221003a,Retargeting 30d,CONVERSIONS,6490,250,587.28,4543,1.37,"[{""action_type"":""purchase"",""value"":""10.29""},{""action_type"":""link_click"",""value"":""250""}]",2024-01-05T07:00:00Z,false
2024-01-05,2024-01-05,221004,BOF - Catalogue,221004a,DPA All Products,PRODUCT_CATALOG_SALES,18892,294,776.79,13224,1.98,"[{""action_type"":""purchase"",""value"":""8.56""},{""action_type"":""link_click"",""value"":""294""}]",2024-01-05T07:00:00Z,false
2024-01-06,2024-01-06,221001,TOF - Awareness,221001a,Broad Audience,BRAND_AWARENESS,11805,398,663.4,8263,2.22,"[{""action_type"":""purchase"",""value"":""16.15""},{""action_type"":""link_click"",""value"":""398""}]",2024-01-06T07:00:00Z,false
2024-01-06,2024-01-06,221002,MOF - Traffic,221002a,Lookalike 2%,LINK_CLICKS,11823,342,184.09,8276,1.27,"[{""action_type"":""purchase"",""value"":""10.22""},{""action_type"":""link_click"",""value"":""342""}]",2024-01-06T07:00:00Z,false
2024-01-06,2024-01-06,221003,BOF - Conversions,221003a,Retargeting 30d,CONVERSIONS,15649,521,1215.25,10954,2.72,"[{""action_type"":""purchase"",""value"":""27.88""},{""action_type"":""link_click"",""value"":""521""}]",2024-01-06T07:00:00Z,false
2024-01-06,2024-01-06,221004,BOF - Catalogue,221004a,DPA All Products,PRODUCT_CATALOG_SALES,2873,97,107.74,2011,3.43,"[{""action_type"":""purchase"",""value"":""4.79""},{""action_type"":""link_click"",""value"":""97""}]",2024-01-06T07:00:00Z,false
2024-01-07,2024-01-07,221001,TOF - Awareness,221001a,Broad Audience,BRAND_AWARENESS,9456,367,676.05,6619,2.57,"[{""action_type"":""purchase"",""value"":""7.42""},{""action_type"":""link_click"",""value"":""367""}]",2024-01-07T07:00:00Z,false
2024-01-07,2024-01-07,221002,MOF - Traffic,221002a,Lookalike 2%,LINK_CLICKS,14458,230,475.1,10120,3.37,"[{""action_type"":""purchase"",""value"":""2.74""},{""action_type"":""link_click"",""value"":""230""}]",2024-01-07T07:00:00Z,false
2024-01-07,2024-01-07,221003,BOF - Conversions,221003a,Retargeting 30d,CONVERSIONS,5601,98,148.41,3920,2.03,"[{""action_type"":""purchase"",""value"":""3.44""},{""action_type"":""link_click"",""value"":""98""}]",2024-01-07T07:00:00Z,false
2024-01-07,2024-01-07,221004,BOF - Catalogue,221004a,DPA All Products,PRODUCT_CATALOG_SALES,8681,229,522.68,6076,3.18,"[{""action_type"":""purchase"",""value"":""14.94""},{""action_type"":""link_click"",""value"":""229""}]",2024-01-07T07:00:00Z,false
2024-01-08,2024-01-08,221001,TOF - Awareness,221001a,Broad Audience,BRAND_AWARENESS,4040,154,260.72,2828,3.5,"[{""action_type"":""purchase"",""value"":""6.72""},{""action_type"":""link_click"",""value"":""154""}]",2024-01-08T07:00:00Z,false
2024-01-08,2024-01-08,221002,MOF - Traffic,221002a,Lookalike 2%,LINK_CLICKS,17675,548,669.45,12372,3.28,"[{""action_type"":""purchase"",""value"":""11.17""},{""action_type"":""link_click"",""value"":""548""}]",2024-01-08T07:00:00Z,false
2024-01-08,2024-01-08,221003,BOF - Conversions,221003a,Retargeting 30d,CONVERSIONS,13217,420,862.89,9251,2.7,"[{""action_type"":""purchase"",""value"":""26.06""},{""action_type"":""link_click"",""value"":""420""}]",2024-01-08T07:00:00Z,false
2024-01-08,2024-01-08,221004,BOF - Catalogue,221004a,DPA All Products,PRODUCT_CATALOG_SALES,10662,366,344.85,7463,2.4,"[{""action_type"":""purchase"",""value"":""9.07""},{""action_type"":""link_click"",""value"":""366""}]",2024-01-08T07:00:00Z,false
2024-01-09,2024-01-09,221001,TOF - Awareness,221001a,Broad Audience,BRAND_AWARENESS,9368,446,1230.6,6557,2.76,"[{""action_type"":""purchase"",""value"":""25.1""},{""action_type"":""link_click"",""value"":""446""}]",2024-01-09T07:00:00Z,false
2024-01-09,2024-01-09,221002,MOF - Traffic,221002a,Lookalike 2%,LINK_CLICKS,18023,408,531.32,12616,2.99,"[{""action_type"":""purchase"",""value"":""26.94""},{""action_type"":""link_click"",""value"":""408""}]",2024-01-09T07:00:00Z,false
2024-01-09,2024-01-09,221003,BOF - Conversions,221003a,Retargeting 30d,CONVERSIONS,10960,235,427.46,7671,3.24,"[{""action_type"":""purchase"",""value"":""10.01""},{""action_type"":""link_click"",""value"":""235""}]",2024-01-09T07:00:00Z,false
2024-01-09,2024-01-09,221004,BOF - Catalogue,221004a,DPA All Products,PRODUCT_CATALOG_SALES,14928,637,1717.1,10449,1.73,"[{""action_type"":""purchase"",""value"":""37.12""},{""action_type"":""link_click"",""value"":""637""}]",2024-01-09T07:00:00Z,false
2024-01-10,2024-01-10,221001,TOF - Awareness,221001a,Broad Audience,BRAND_AWARENESS,11425,550,374.97,7997,2.64,"[{""action_type"":""purchase"",""value"":""35.99""},{""action_type"":""link_click"",""value"":""550""}]",2024-01-10T07:00:00Z,false
2024-01-10,2024-01-10,221002,MOF - Traffic,221002a,Lookalike 2%,LINK_CLICKS,17698,328,788.61,12388,2.41,"[{""action_type"":""purchase"",""value"":""8.62""},{""action_type"":""link_click"",""value"":""328""}]",2024-01-10T07:00:00Z,false
2024-01-10,2024-01-10,221003,BOF - Conversions,221003a,Retargeting 30d,CONVERSIONS,10900,168,321.9,7629,1.61,"[{""action_type"":""purchase"",""value"":""7.6""},{""action_type"":""link_click"",""value"":""168""}]",2024-01-10T07:00:00Z,false
2024-01-10,2024-01-10,221004,BOF - Catalogue,221004a,DPA All Products,PRODUCT_CATALOG_SALES,19401,369,382.11,13580,1.83,"[{""action_type"":""purchase"",""value"":""5.91""},{""action_type"":""link_click"",""value"":""369""}]",2024-01-10T07:00:00Z,false
2024-01-11,2024-01-11,221001,TOF - Awareness,221001a,Broad Audience,BRAND_AWARENESS,17479,245,556.83,12235,2.38,"[{""action_type"":""purchase"",""value"":""2.53""},{""action_type"":""link_click"",""value"":""245""}]",2024-01-11T07:00:00Z,false
2024-01-11,2024-01-11,221002,MOF - Traffic,221002a,Lookalike 2%,LINK_CLICKS,7175,188,498.31,5022,2.19,"[{""action_type"":""purchase"",""value"":""11.79""},{""action_type"":""link_click"",""value"":""188""}]",2024-01-11T07:00:00Z,false
2024-01-11,2024-01-11,221003,BOF - Conversions,221003a,Retargeting 30d,CONVERSIONS,8535,343,398.11,5974,1.15,"[{""action_type"":""purchase"",""value"":""9.3""},{""action_type"":""link_click"",""value"":""343""}]",2024-01-11T07:00:00Z,false
2024-01-11,2024-01-11,221004,BOF - Catalogue,221004a,DPA All Products,PRODUCT_CATALOG_SALES,4931,177,183.04,3451,3.13,"[{""action_type"":""purchase"",""value"":""9.61""},{""action_type"":""link_click"",""value"":""177""}]",2024-01-11T07:00:00Z,false
2024-01-12,2024-01-12,221001,TOF - Awareness,221001a,Broad Audience,BRAND_AWARENESS,3222,149,134.49,2255,1.44,"[{""action_type"":""purchase"",""value"":""9.38""},{""action_type"":""link_click"",""value"":""149""}]",2024-01-12T07:00:00Z,false
2024-01-12,2024-01-12,221002,MOF - Traffic,221002a,Lookalike 2%,LINK_CLICKS,3190,159,224.68,2233,3.34,"[{""action_type"":""purchase"",""value"":""6.32""},{""action_type"":""link_click"",""value"":""159""}]",2024-01-12T07:00:00Z,false
2024-01-12,2024-01-12,221003,BOF - Conversions,221003a,Retargeting 30d,CONVERSIONS,11485,517,269.52,8039,1.27,"[{""action_type"":""purchase"",""value"":""22.79""},{""action_type"":""link_click"",""value"":""517""}]",2024-01-12T07:00:00Z,false
2024-01-12,2024-01-12,221004,BOF - Catalogue,221004a,DPA All Products,PRODUCT_CATALOG_SALES,12978,277,768.66,9084,2.23,"[{""action_type"":""purchase"",""value"":""11.8""},{""action_type"":""link_click"",""value"":""277""}]",2024-01-12T07:00:00Z,false
2024-01-13,2024-01-13,221001,TOF - Awareness,221001a,Broad Audience,BRAND_AWARENESS,6397,281,442.98,4477,1.28,"[{""action_type"":""purchase"",""value"":""6.06""},{""action_type"":""link_click"",""value"":""281""}]",2024-01-13T07:00:00Z,false
2024-01-13,2024-01-13,221002,MOF - Traffic,221002a,Lookalike 2%,LINK_CLICKS,7324,287,571.43,5126,1.04,"[{""action_type"":""purchase"",""value"":""15.24""},{""action_type"":""link_click"",""value"":""287""}]",2024-01-13T07:00:00Z,false
2024-01-13,2024-01-13,221003,BOF - Conversions,221003a,Retargeting 30d,CONVERSIONS,13046,543,980.6,9132,1.44,"[{""action_type"":""purchase"",""value"":""30.1""},{""action_type"":""link_click"",""value"":""543""}]",2024-01-13T07:00:00Z,false
2024-01-13,2024-01-13,221004,BOF - Catalogue,221004a,DPA All Products,PRODUCT_CATALOG_SALES,15287,658,1108.83,10700,2.67,"[{""action_type"":""purchase"",""value"":""10.0""},{""action_type"":""link_click"",""value"":""658""}]",2024-01-13T07:00:00Z,false
2024-01-14,2024-01-14,221001,TOF - Awareness,221001a,Broad Audience,BRAND_AWARENESS,8054,396,632.87,5637,1.02,"[{""action_type"":""purchase"",""value"":""26.2""},{""action_type"":""link_click"",""value"":""396""}]",2024-01-14T07:00:00Z,false
2024-01-14,2024-01-14,221002,MOF - Traffic,221002a,Lookalike 2%,LINK_CLICKS,14568,282,629.89,10197,1.75,"[{""action_type"":""purchase"",""value"":""18.96""},{""action_type"":""link_click"",""value"":""282""}]",2024-01-14T07:00:00Z,false
2024-01-14,2024-01-14,221003,BOF - Conversions,221003a,Retargeting 30d,CONVERSIONS,2374,48,63.69,1661,2.67,"[{""action_type"":""purchase"",""value"":""1.16""},{""action_type"":""link_click"",""value"":""48""}]",2024-01-14T07:00:00Z,false
2024-01-14,2024-01-14,221004,BOF - Catalogue,221004a,DPA All Products,PRODUCT_CATALOG_SALES,17250,384,550.06,12075,3.24,"[{""action_type"":""purchase"",""value"":""15.42""},{""action_type"":""link_click"",""value"":""384""}]",2024-01-14T07:00:00Z,false
2024-01-15,2024-01-15,221001,TOF - Awareness,221001a,Broad Audience,BRAND_AWARENESS,12190,458,901.82,8533,1.92,"[{""action_type"":""purchase"",""value"":""30.43""},{""action_type"":""link_click"",""value"":""458""}]",2024-01-15T07:00:00Z,false
2024-01-15,2024-01-15,221002,MOF - Traffic,221002a,Lookalike 2%,LINK_CLICKS,9236,173,139.65,6465,2.87,"[{""action_type"":""purchase"",""value"":""3.32""},{""action_type"":""link_click"",""value"":""173""}]",2024-01-15T07:00:00Z,false
2024-01-15,2024-01-15,221003,BOF - Conversions,221003a,Retargeting 30d,CONVERSIONS,14242,379,668.27,9969,2.34,"[{""action_type"":""purchase"",""value"":""14.5""},{""action_type"":""link_click"",""value"":""379""}]",2024-01-15T07:00:00Z,false
2024-01-15,2024-01-15,221004,BOF - Catalogue,221004a,DPA All Products,PRODUCT_CATALOG_SALES,9156,370,763.97,6409,2.97,"[{""action_type"":""purchase"",""value"":""16.93""},{""action_type"":""link_click"",""value"":""370""}]",2024-01-15T07:00:00Z,false
2024-01-16,2024-01-16,221001,TOF - Awareness,221001a,Broad Audience,BRAND_AWARENESS,19219,535,1133.48,13453,2.41,"[{""action_type"":""purchase"",""value"":""7.86""},{""action_type"":""link_click"",""value"":""535""}]",2024-01-16T07:00:00Z,false
2024-01-16,2024-01-16,221002,MOF - Traffic,221002a,Lookalike 2%,LINK_CLICKS,4023,173,445.76,2816,2.34,"[{""action_type"":""purchase"",""value"":""3.83""},{""action_type"":""link_click"",""value"":""173""}]",2024-01-16T07:00:00Z,false
2024-01-16,2024-01-16,221003,BOF - Conversions,221003a,Retargeting 30d,CONVERSIONS,7391,170,288.45,5173,1.51,"[{""action_type"":""purchase"",""value"":""2.89""},{""action_type"":""link_click"",""value"":""170""}]",2024-01-16T07:00:00Z,false
2024-01-16,2024-01-16,221004,BOF - Catalogue,221004a,DPA All Products,PRODUCT_CATALOG_SALES,18017,245,410.1,12611,2.13,"[{""action_type"":""purchase"",""value"":""14.34""},{""action_type"":""link_click"",""value"":""245""}]",2024-01-16T07:00:00Z,false
2024-01-17,2024-01-17,221001,TOF - Awareness,221001a,Broad Audience,BRAND_AWARENESS,18818,500,898.5,13172,2.68,"[{""action_type"":""purchase"",""value"":""21.76""},{""action_type"":""link_click"",""value"":""500""}]",2024-01-17T07:00:00Z,false
2024-01-17,2024-01-17,221002,MOF - Traffic,221002a,Lookalike 2%,LINK_CLICKS,12098,470,663.02,8468,2.86,"[{""action_type"":""purchase"",""value"":""27.72""},{""action_type"":""link_click"",""value"":""470""}]",2024-01-17T07:00:00Z,false
2024-01-17,2024-01-17,221003,BOF - Conversions,221003a,Retargeting 30d,CONVERSIONS,4393,51,65.91,3075,3.49,"[{""action_type"":""purchase"",""value"":""0.71""},{""action_type"":""link_click"",""value"":""51""}]",2024-01-17T07:00:00Z,false
2024-01-17,2024-01-17,221004,BOF - Catalogue,221004a,DPA All Products,PRODUCT_CATALOG_SALES,4261,210,333.01,2982,1.45,"[{""action_type"":""purchase"",""value"":""5.72""},{""action_type"":""link_click"",""value"":""210""}]",2024-01-17T07:00:00Z,false
2024-01-18,2024-01-18,221001,TOF - Awareness,221001a,Broad Audience,BRAND_AWARENESS,6437,261,717.79,4505,2.05,"[{""action_type"":""purchase"",""value"":""12.72""},{""action_type"":""link_click"",""value"":""261""}]",2024-01-18T07:00:00Z,false
2024-01-18,2024-01-18,221002,MOF - Traffic,221002a,Lookalike 2%,LINK_CLICKS,14533,406,1059.4,10173,1.2,"[{""action_type"":""purchase"",""value"":""13.26""},{""action_type"":""link_click"",""value"":""406""}]",2024-01-18T07:00:00Z,false
2024-01-18,2024-01-18,221003,BOF - Conversions,221003a,Retargeting 30d,CONVERSIONS,19671,301,746.08,13769,3.48,"[{""action_type"":""purchase"",""value"":""5.15""},{""action_type"":""link_click"",""value"":""301""}]",2024-01-18T07:00:00Z,false
2024-01-18,2024-01-18,221004,BOF - Catalogue,221004a,DPA All Products,PRODUCT_CATALOG_SALES,14879,463,1006.6,10415,1.01,"[{""action_type"":""purchase"",""value"":""10.82""},{""action_type"":""link_click"",""value"":""463""}]",2024-01-18T07:00:00Z,false
2024-01-19,2024-01-19,221001,TOF - Awareness,221001a,Broad Audience,BRAND_AWARENESS,2744,134,209.7,1920,2.06,"[{""action_type"":""purchase"",""value"":""7.12""},{""action_type"":""link_click"",""value"":""134""}]",2024-01-19T07:00:00Z,false
2024-01-19,2024-01-19,221002,MOF - Traffic,221002a,Lookalike 2%,LINK_CLICKS,14428,619,661.88,10099,1.69,"[{""action_type"":""purchase"",""value"":""19.05""},{""action_type"":""link_click"",""value"":""619""}]",2024-01-19T07:00:00Z,false
2024-01-19,2024-01-19,221003,BOF - Conversions,221003a,Retargeting 30d,CONVERSIONS,5697,64,129.18,3987,3.34,"[{""action_type"":""purchase"",""value"":""3.0""},{""action_type"":""link_click"",""value"":""64""}]",2024-01-19T07:00:00Z,false
2024-01-19,2024-01-19,221004,BOF - Catalogue,221004a,DPA All Products,PRODUCT_CATALOG_SALES,2512,49,32.08,1758,2.12,"[{""action_type"":""purchase"",""value"":""2.24""},{""action_type"":""link_click"",""value"":""49""}]",2024-01-19T07:00:00Z,false
2024-01-20,2024-01-20,221001,TOF - Awareness,221001a,Broad Audience,BRAND_AWARENESS,3595,71,42.72,2516,2.35,"[{""action_type"":""purchase"",""value"":""2.58""},{""action_type"":""link_click"",""value"":""71""}]",2024-01-20T07:00:00Z,false
2024-01-20,2024-01-20,221002,MOF - Traffic,221002a,Lookalike 2%,LINK_CLICKS,3849,60,167.1,2694,3.29,"[{""action_type"":""purchase"",""value"":""1.44""},{""action_type"":""link_click"",""value"":""60""}]",2024-01-20T07:00:00Z,false
2024-01-20,2024-01-20,221003,BOF - Conversions,221003a,Retargeting 30d,CONVERSIONS,12449,412,938.06,8714,1.59,"[{""action_type"":""purchase"",""value"":""24.35""},{""action_type"":""link_click"",""value"":""412""}]",2024-01-20T07:00:00Z,false
2024-01-20,2024-01-20,221004,BOF - Catalogue,221004a,DPA All Products,PRODUCT_CATALOG_SALES,6694,330,560.63,4685,1.69,"[{""action_type"":""purchase"",""value"":""11.49""},{""action_type"":""link_click"",""value"":""330""}]",2024-01-20T07:00:00Z,false
2024-01-21,2024-01-21,221001,TOF - Awareness,221001a,Broad Audience,BRAND_AWARENESS,7738,271,401.77,5416,3.43,"[{""action_type"":""purchase"",""value"":""10.77""},{""action_type"":""link_click"",""value"":""271""}]",2024-01-21T07:00:00Z,false
2024-01-21,2024-01-21,221002,MOF - Traffic,221002a,Lookalike 2%,LINK_CLICKS,14489,600,739.85,10142,1.37,"[{""action_type"":""purchase"",""value"":""20.99""},{""action_type"":""link_click"",""value"":""600""}]",2024-01-21T07:00:00Z,false
2024-01-21,2024-01-21,221003,BOF - Conversions,221003a,Retargeting 30d,CONVERSIONS,14335,248,430.83,10034,1.56,"[{""action_type"":""purchase"",""value"":""6.07""},{""action_type"":""link_click"",""value"":""248""}]",2024-01-21T07:00:00Z,false
2024-01-21,2024-01-21,221004,BOF - Catalogue,221004a,DPA All Products,PRODUCT_CATALOG_SALES,6730,284,739.51,4711,3.42,"[{""action_type"":""purchase"",""value"":""12.42""},{""action_type"":""link_click"",""value"":""284""}]",2024-01-21T07:00:00Z,false
2024-01-22,2024-01-22,221001,TOF - Awareness,221001a,Broad Audience,BRAND_AWARENESS,19366,297,314.4,13556,2.62,"[{""action_type"":""purchase"",""value"":""6.59""},{""action_type"":""link_click"",""value"":""297""}]",2024-01-22T07:00:00Z,false
2024-01-22,2024-01-22,221002,MOF - Traffic,221002a,Lookalike 2%,LINK_CLICKS,16738,734,523.1,11716,1.48,"[{""action_type"":""purchase"",""value"":""39.25""},{""action_type"":""link_click"",""value"":""734""}]",2024-01-22T07:00:00Z,false
2024-01-22,2024-01-22,221003,BOF - Conversions,221003a,Retargeting 30d,CONVERSIONS,10796,270,510.69,7557,1.18,"[{""action_type"":""purchase"",""value"":""3.34""},{""action_type"":""link_click"",""value"":""270""}]",2024-01-22T07:00:00Z,false
2024-01-22,2024-01-22,221004,BOF - Catalogue,221004a,DPA All Products,PRODUCT_CATALOG_SALES,9111,265,662.44,6377,3.39,"[{""action_type"":""purchase"",""value"":""7.94""},{""action_type"":""link_click"",""value"":""265""}]",2024-01-22T07:00:00Z,false
2024-01-23,2024-01-23,221001,TOF - Awareness,221001a,Broad Audience,BRAND_AWARENESS,2502,46,43.1,1751,2.87,"[{""action_type"":""purchase"",""value"":""2.51""},{""action_type"":""link_click"",""value"":""46""}]",2024-01-23T07:00:00Z,false
2024-01-23,2024-01-23,221002,MOF - Traffic,221002a,Lookalike 2%,LINK_CLICKS,17693,824,1730.35,12385,1.99,"[{""action_type"":""purchase"",""value"":""43.03""},{""action_type"":""link_click"",""value"":""824""}]",2024-01-23T07:00:00Z,false
2024-01-23,2024-01-23,221003,BOF - Conversions,221003a,Retargeting 30d,CONVERSIONS,9842,315,719.36,6889,2.33,"[{""action_type"":""purchase"",""value"":""10.34""},{""action_type"":""link_click"",""value"":""315""}]",2024-01-23T07:00:00Z,false
2024-01-23,2024-01-23,221004,BOF - Catalogue,221004a,DPA All Products,PRODUCT_CATALOG_SALES,13772,307,407.45,9640,2.17,"[{""action_type"":""purchase"",""value"":""19.33""},{""action_type"":""link_click"",""value"":""307""}]",2024-01-23T07:00:00Z,false
2024-01-24,2024-01-24,221001,TOF - Awareness,221001a,Broad Audience,BRAND_AWARENESS,17384,703,869.29,12168,1.78,"[{""action_type"":""purchase"",""value"":""15.6""},{""action_type"":""link_click"",""value"":""703""}]",2024-01-24T07:00:00Z,false
2024-01-24,2024-01-24,221002,MOF - Traffic,221002a,Lookalike 2%,LINK_CLICKS,3498,113,114.01,2448,1.65,"[{""action_type"":""purchase"",""value"":""2.12""},{""action_type"":""link_click"",""value"":""113""}]",2024-01-24T07:00:00Z,false
2024-01-24,2024-01-24,221003,BOF - Conversions,221003a,Retargeting 30d,CONVERSIONS,15683,342,325.32,10978,2.42,"[{""action_type"":""purchase"",""value"":""8.14""},{""action_type"":""link_click"",""value"":""342""}]",2024-01-24T07:00:00Z,false
2024-01-24,2024-01-24,221004,BOF - Catalogue,221004a,DPA All Products,PRODUCT_CATALOG_SALES,10052,301,603.69,7036,1.64,"[{""action_type"":""purchase"",""value"":""15.38""},{""action_type"":""link_click"",""value"":""301""}]",2024-01-24T07:00:00Z,false
2024-01-25,2024-01-25,221001,TOF - Awareness,221001a,Broad Audience,BRAND_AWARENESS,18011,876,1730.89,12607,1.42,"[{""action_type"":""purchase"",""value"":""34.55""},{""action_type"":""link_click"",""value"":""876""}]",2024-01-25T07:00:00Z,false
2024-01-25,2024-01-25,221002,MOF - Traffic,221002a,Lookalike 2%,LINK_CLICKS,13540,227,489.58,9478,3.29,"[{""action_type"":""purchase"",""value"":""8.92""},{""action_type"":""link_click"",""value"":""227""}]",2024-01-25T07:00:00Z,false
2024-01-25,2024-01-25,221003,BOF - Conversions,221003a,Retargeting 30d,CONVERSIONS,19764,980,2647.61,13834,3.1,"[{""action_type"":""purchase"",""value"":""40.61""},{""action_type"":""link_click"",""value"":""980""}]",2024-01-25T07:00:00Z,false
2024-01-25,2024-01-25,221004,BOF - Catalogue,221004a,DPA All Products,PRODUCT_CATALOG_SALES,4435,212,431.82,3104,2.03,"[{""action_type"":""purchase"",""value"":""11.84""},{""action_type"":""link_click"",""value"":""212""}]",2024-01-25T07:00:00Z,false
2024-01-26,2024-01-26,221001,TOF - Awareness,221001a,Broad Audience,BRAND_AWARENESS,9583,121,102.53,6708,2.14,"[{""action_type"":""purchase"",""value"":""2.8""},{""action_type"":""link_click"",""value"":""121""}]",2024-01-26T07:00:00Z,false
2024-01-26,2024-01-26,221002,MOF - Traffic,221002a,Lookalike 2%,LINK_CLICKS,3980,138,280.63,2786,2.21,"[{""action_type"":""purchase"",""value"":""6.48""},{""action_type"":""link_click"",""value"":""138""}]",2024-01-26T07:00:00Z,false
2024-01-26,2024-01-26,221003,BOF - Conversions,221003a,Retargeting 30d,CONVERSIONS,17986,191,329.3,12590,1.04,"[{""action_type"":""purchase"",""value"":""6.62""},{""action_type"":""link_click"",""value"":""191""}]",2024-01-26T07:00:00Z,false
2024-01-26,2024-01-26,221004,BOF - Catalogue,221004a,DPA All Products,PRODUCT_CATALOG_SALES,11002,345,399.99,7701,2.74,"[{""action_type"":""purchase"",""value"":""13.85""},{""action_type"":""link_click"",""value"":""345""}]",2024-01-26T07:00:00Z,false
2024-01-27,2024-01-27,221001,TOF - Awareness,221001a,Broad Audience,BRAND_AWARENESS,16109,680,1762.89,11276,1.24,"[{""action_type"":""purchase"",""value"":""11.17""},{""action_type"":""link_click"",""value"":""680""}]",2024-01-27T07:00:00Z,false
2024-01-27,2024-01-27,221002,MOF - Traffic,221002a,Lookalike 2%,LINK_CLICKS,6879,135,259.94,4815,1.89,"[{""action_type"":""purchase"",""value"":""3.39""},{""action_type"":""link_click"",""value"":""135""}]",2024-01-27T07:00:00Z,false
2024-01-27,2024-01-27,221003,BOF - Conversions,221003a,Retargeting 30d,CONVERSIONS,15005,197,533.16,10503,1.61,"[{""action_type"":""purchase"",""value"":""7.4""},{""action_type"":""link_click"",""value"":""197""}]",2024-01-27T07:00:00Z,false
2024-01-27,2024-01-27,221004,BOF - Catalogue,221004a,DPA All Products,PRODUCT_CATALOG_SALES,9400,206,495.34,6580,3.48,"[{""action_type"":""purchase"",""value"":""3.06""},{""action_type"":""link_click"",""value"":""206""}]",2024-01-27T07:00:00Z,false
2024-01-28,2024-01-28,221001,TOF - Awareness,221001a,Broad Audience,BRAND_AWARENESS,3038,41,56.26,2126,1.14,"[{""action_type"":""purchase"",""value"":""1.77""},{""action_type"":""link_click"",""value"":""41""}]",2024-01-28T07:00:00Z,false
2024-01-28,2024-01-28,221002,MOF - Traffic,221002a,Lookalike 2%,LINK_CLICKS,2309,88,60.74,1616,2.61,"[{""action_type"":""purchase"",""value"":""5.34""},{""action_type"":""link_click"",""value"":""88""}]",2024-01-28T07:00:00Z,false
2024-01-28,2024-01-28,221003,BOF - Conversions,221003a,Retargeting 30d,CONVERSIONS,12855,419,1036.32,8998,2.32,"[{""action_type"":""purchase"",""value"":""6.59""},{""action_type"":""link_click"",""value"":""419""}]",2024-01-28T07:00:00Z,false
2024-01-28,2024-01-28,221004,BOF - Catalogue,221004a,DPA All Products,PRODUCT_CATALOG_SALES,3394,65,167.24,2375,2.42,"[{""action_type"":""purchase"",""value"":""3.35""},{""action_type"":""link_click"",""value"":""65""}]",2024-01-28T07:00:00Z,false
2024-01-29,2024-01-29,221001,TOF - Awareness,221001a,Broad Audience,BRAND_AWARENESS,10883,129,86.56,7618,3.25,"[{""action_type"":""purchase"",""value"":""8.45""},{""action_type"":""link_click"",""value"":""129""}]",2024-01-29T07:00:00Z,false
2024-01-29,2024-01-29,221002,MOF - Traffic,221002a,Lookalike 2%,LINK_CLICKS,3078,52,127.71,2154,1.52,"[{""action_type"":""purchase"",""value"":""0.57""},{""action_type"":""link_click"",""value"":""52""}]",2024-01-29T07:00:00Z,false
2024-01-29,2024-01-29,221003,BOF - Conversions,221003a,Retargeting 30d,CONVERSIONS,6724,269,575.45,4706,1.19,"[{""action_type"":""purchase"",""value"":""9.12""},{""action_type"":""link_click"",""value"":""269""}]",2024-01-29T07:00:00Z,false
2024-01-29,2024-01-29,221004,BOF - Catalogue,221004a,DPA All Products,PRODUCT_CATALOG_SALES,7323,238,429.21,5126,2.69,"[{""action_type"":""purchase"",""value"":""14.51""},{""action_type"":""link_click"",""value"":""238""}]",2024-01-29T07:00:00Z,false
2024-01-30,2024-01-30,221001,TOF - Awareness,221001a,Broad Audience,BRAND_AWARENESS,19713,458,1024.96,13799,3.47,"[{""action_type"":""purchase"",""value"":""8.43""},{""action_type"":""link_click"",""value"":""458""}]",2024-01-30T07:00:00Z,false
2024-01-30,2024-01-30,221002,MOF - Traffic,221002a,Lookalike 2%,LINK_CLICKS,4569,137,375.51,3198,2.09,"[{""action_type"":""purchase"",""value"":""1.81""},{""action_type"":""link_click"",""value"":""137""}]",2024-01-30T07:00:00Z,false
2024-01-30,2024-01-30,221003,BOF - Conversions,221003a,Retargeting 30d,CONVERSIONS,4490,106,240.48,3143,1.99,"[{""action_type"":""purchase"",""value"":""7.13""},{""action_type"":""link_click"",""value"":""106""}]",2024-01-30T07:00:00Z,false
2024-01-30,2024-01-30,221004,BOF - Catalogue,221004a,DPA All Products,PRODUCT_CATALOG_SALES,12694,141,159.14,8885,2.23,"[{""action_type"":""purchase"",""value"":""9.81""},{""action_type"":""link_click"",""value"":""141""}]",2024-01-30T07:00:00Z,false
2024-01-31,2024-01-31,221001,TOF - Awareness,221001a,Broad Audience,BRAND_AWARENESS,13659,438,597.21,9561,2.46,"[{""action_type"":""purchase"",""value"":""9.26""},{""action_type"":""link_click"",""value"":""438""}]",2024-01-31T07:00:00Z,false
2024-01-31,2024-01-31,221002,MOF - Traffic,221002a,Lookalike 2%,LINK_CLICKS,14454,194,373.03,10117,2.78,"[{""action_type"":""purchase"",""value"":""11.23""},{""action_type"":""link_click"",""value"":""194""}]",2024-01-31T07:00:00Z,false
2024-01-31,2024-01-31,221003,BOF - Conversions,221003a,Retargeting 30d,CONVERSIONS,4688,97,133.28,3281,1.39,"[{""action_type"":""purchase"",""value"":""5.53""},{""action_type"":""link_click"",""value"":""97""}]",2024-01-31T07:00:00Z,false
2024-01-31,2024-01-31,221004,BOF - Catalogue,221004a,DPA All Products,PRODUCT_CATALOG_SALES,14767,334,248.85,10336,1.77,"[{""action_type"":""purchase"",""value"":""3.44""},{""action_type"":""link_click"",""value"":""334""}]",2024-01-31T07:00:00Z,false
2024-02-01,2024-02-01,221001,TOF - Awareness,221001a,Broad Audience,BRAND_AWARENESS,13793,557,409.47,9655,2.08,"[{""action_type"":""purchase"",""value"":""8.49""},{""action_type"":""link_click"",""value"":""557""}]",2024-02-01T07:00:00Z,false
2024-02-01,2024-02-01,221002,MOF - Traffic,221002a,Lookalike 2%,LINK_CLICKS,18791,494,276.84,13153,1.23,"[{""action_type"":""purchase"",""value"":""15.43""},{""action_type"":""link_click"",""value"":""494""}]",2024-02-01T07:00:00Z,false
2024-02-01,2024-02-01,221003,BOF - Conversions,221003a,Retargeting 30d,CONVERSIONS,12630,562,296.95,8841,2.95,"[{""action_type"":""purchase"",""value"":""19.57""},{""action_type"":""link_click"",""value"":""562""}]",2024-02-01T07:00:00Z,false
2024-02-01,2024-02-01,221004,BOF - Catalogue,221004a,DPA All Products,PRODUCT_CATALOG_SALES,9954,327,291.04,6967,1.35,"[{""action_type"":""purchase"",""value"":""10.74""},{""action_type"":""link_click"",""value"":""327""}]",2024-02-01T07:00:00Z,false
2024-02-02,2024-02-02,221001,TOF - Awareness,221001a,Broad Audience,BRAND_AWARENESS,11867,246,205.57,8306,1.69,"[{""action_type"":""purchase"",""value"":""4.93""},{""action_type"":""link_click"",""value"":""246""}]",2024-02-02T07:00:00Z,false
2024-02-02,2024-02-02,221002,MOF - Traffic,221002a,Lookalike 2%,LINK_CLICKS,11822,347,234.89,8275,1.62,"[{""action_type"":""purchase"",""value"":""8.71""},{""action_type"":""link_click"",""value"":""347""}]",2024-02-02T07:00:00Z,false
2024-02-02,2024-02-02,221003,BOF - Conversions,221003a,Retargeting 30d,CONVERSIONS,18246,615,584.1,12772,1.76,"[{""action_type"":""purchase"",""value"":""10.1""},{""action_type"":""link_click"",""value"":""615""}]",2024-02-02T07:00:00Z,false
2024-02-02,2024-02-02,221004,BOF - Catalogue,221004a,DPA All Products,PRODUCT_CATALOG_SALES,14966,348,670.4,10476,1.82,"[{""action_type"":""purchase"",""value"":""20.27""},{""action_type"":""link_click"",""value"":""348""}]",2024-02-02T07:00:00Z,false
2024-02-03,2024-02-03,221001,TOF - Awareness,221001a,Broad Audience,BRAND_AWARENESS,12968,353,845.13,9077,2.49,"[{""action_type"":""purchase"",""value"":""17.32""},{""action_type"":""link_click"",""value"":""353""}]",2024-02-03T07:00:00Z,false
2024-02-03,2024-02-03,221002,MOF - Traffic,221002a,Lookalike 2%,LINK_CLICKS,11844,270,723.26,8290,1.79,"[{""action_type"":""purchase"",""value"":""5.95""},{""action_type"":""link_click"",""value"":""270""}]",2024-02-03T07:00:00Z,false
2024-02-03,2024-02-03,221003,BOF - Conversions,221003a,Retargeting 30d,CONVERSIONS,15049,733,857.85,10534,2.23,"[{""action_type"":""purchase"",""value"":""37.89""},{""action_type"":""link_click"",""value"":""733""}]",2024-02-03T07:00:00Z,false
2024-02-03,2024-02-03,221004,BOF - Catalogue,221004a,DPA All Products,PRODUCT_CATALOG_SALES,9943,229,262.13,6960,1.91,"[{""action_type"":""purchase"",""value"":""13.09""},{""action_type"":""link_click"",""value"":""229""}]",2024-02-03T07:00:00Z,false
2024-02-04,2024-02-04,221001,TOF - Awareness,221001a,Broad Audience,BRAND_AWARENESS,8547,287,503.67,5982,2.38,"[{""action_type"":""purchase"",""value"":""14.61""},{""action_type"":""link_click"",""value"":""287""}]",2024-02-04T07:00:00Z,false
2024-02-04,2024-02-04,221002,MOF - Traffic,221002a,Lookalike 2%,LINK_CLICKS,17126,817,802.45,11988,3.08,"[{""action_type"":""purchase"",""value"":""47.27""},{""action_type"":""link_click"",""value"":""817""}]",2024-02-04T07:00:00Z,false
2024-02-04,2024-02-04,221003,BOF - Conversions,221003a,Retargeting 30d,CONVERSIONS,4266,182,424.06,2986,2.25,"[{""action_type"":""purchase"",""value"":""6.29""},{""action_type"":""link_click"",""value"":""182""}]",2024-02-04T07:00:00Z,false
2024-02-04,2024-02-04,221004,BOF - Catalogue,221004a,DPA All Products,PRODUCT_CATALOG_SALES,11923,234,471.49,8346,2.97,"[{""action_type"":""purchase"",""value"":""12.38""},{""action_type"":""link_click"",""value"":""234""}]",2024-02-04T07:00:00Z,false
2024-02-05,2024-02-05,221001,TOF - Awareness,221001a,Broad Audience,BRAND_AWARENESS,4423,123,230.66,3096,2.34,"[{""action_type"":""purchase"",""value"":""5.53""},{""action_type"":""link_click"",""value"":""123""}]",2024-02-05T07:00:00Z,false
2024-02-05,2024-02-05,221002,MOF - Traffic,221002a,Lookalike 2%,LINK_CLICKS,15706,498,1154.69,10994,3.24,"[{""action_type"":""purchase"",""value"":""15.72""},{""action_type"":""link_click"",""value"":""498""}]",2024-02-05T07:00:00Z,false
2024-02-05,2024-02-05,221003,BOF - Conversions,221003a,Retargeting 30d,CONVERSIONS,19593,661,1720.66,13715,1.62,"[{""action_type"":""purchase"",""value"":""10.95""},{""action_type"":""link_click"",""value"":""661""}]",2024-02-05T07:00:00Z,false
2024-02-05,2024-02-05,221004,BOF - Catalogue,221004a,DPA All Products,PRODUCT_CATALOG_SALES,13632,227,433.38,9542,2.61,"[{""action_type"":""purchase"",""value"":""9.94""},{""action_type"":""link_click"",""value"":""227""}]",2024-02-05T07:00:00Z,false
2024-02-06,2024-02-06,221001,TOF - Awareness,221001a,Broad Audience,BRAND_AWARENESS,15094,734,926.8,10565,1.26,"[{""action_type"":""purchase"",""value"":""42.41""},{""action_type"":""link_click"",""value"":""734""}]",2024-02-06T07:00:00Z,false
2024-02-06,2024-02-06,221002,MOF - Traffic,221002a,Lookalike 2%,LINK_CLICKS,5231,106,177.5,3661,2.45,"[{""action_type"":""purchase"",""value"":""4.36""},{""action_type"":""link_click"",""value"":""106""}]",2024-02-06T07:00:00Z,false
2024-02-06,2024-02-06,221003,BOF - Conversions,221003a,Retargeting 30d,CONVERSIONS,9242,257,359.7,6469,2.47,"[{""action_type"":""purchase"",""value"":""14.48""},{""action_type"":""link_click"",""value"":""257""}]",2024-02-06T07:00:00Z,false
2024-02-06,2024-02-06,221004,BOF - Catalogue,221004a,DPA All Products,PRODUCT_CATALOG_SALES,18399,294,821.65,12879,1.74,"[{""action_type"":""purchase"",""value"":""11.46""},{""action_type"":""link_click"",""value"":""294""}]",2024-02-06T07:00:00Z,false
2024-02-07,2024-02-07,221001,TOF - Awareness,221001a,Broad Audience,BRAND_AWARENESS,4813,70,186.45,3369,1.78,"[{""action_type"":""purchase"",""value"":""1.3""},{""action_type"":""link_click"",""value"":""70""}]",2024-02-07T07:00:00Z,false
2024-02-07,2024-02-07,221002,MOF - Traffic,221002a,Lookalike 2%,LINK_CLICKS,16920,699,1187.3,11844,1.24,"[{""action_type"":""purchase"",""value"":""21.6""},{""action_type"":""link_click"",""value"":""699""}]",2024-02-07T07:00:00Z,false
2024-02-07,2024-02-07,221003,BOF - Conversions,221003a,Retargeting 30d,CONVERSIONS,16825,382,454.81,11777,1.29,"[{""action_type"":""purchase"",""value"":""22.39""},{""action_type"":""link_click"",""value"":""382""}]",2024-02-07T07:00:00Z,false
2024-02-07,2024-02-07,221004,BOF - Catalogue,221004a,DPA All Products,PRODUCT_CATALOG_SALES,13241,475,977.27,9268,3.46,"[{""action_type"":""purchase"",""value"":""9.43""},{""action_type"":""link_click"",""value"":""475""}]",2024-02-07T07:00:00Z,false
2024-02-08,2024-02-08,221001,TOF - Awareness,221001a,Broad Audience,BRAND_AWARENESS,9992,306,541.43,6994,2.07,"[{""action_type"":""purchase"",""value"":""9.14""},{""action_type"":""link_click"",""value"":""306""}]",2024-02-08T07:00:00Z,false
2024-02-08,2024-02-08,221002,MOF - Traffic,221002a,Lookalike 2%,LINK_CLICKS,17140,330,472.43,11998,2.6,"[{""action_type"":""purchase"",""value"":""6.95""},{""action_type"":""link_click"",""value"":""330""}]",2024-02-08T07:00:00Z,false
2024-02-08,2024-02-08,221003,BOF - Conversions,221003a,Retargeting 30d,CONVERSIONS,16160,417,915.73,11312,2.12,"[{""action_type"":""purchase"",""value"":""26.27""},{""action_type"":""link_click"",""value"":""417""}]",2024-02-08T07:00:00Z,false
2024-02-08,2024-02-08,221004,BOF - Catalogue,221004a,DPA All Products,PRODUCT_CATALOG_SALES,16075,410,869.57,11252,2.88,"[{""action_type"":""purchase"",""value"":""9.16""},{""action_type"":""link_click"",""value"":""410""}]",2024-02-08T07:00:00Z,false
2024-02-09,2024-02-09,221001,TOF - Awareness,221001a,Broad Audience,BRAND_AWARENESS,4050,134,313.41,2835,1.91,"[{""action_type"":""purchase"",""value"":""5.66""},{""action_type"":""link_click"",""value"":""134""}]",2024-02-09T07:00:00Z,false
2024-02-09,2024-02-09,221002,MOF - Traffic,221002a,Lookalike 2%,LINK_CLICKS,8457,239,263.72,5919,2.32,"[{""action_type"":""purchase"",""value"":""14.76""},{""action_type"":""link_click"",""value"":""239""}]",2024-02-09T07:00:00Z,false
2024-02-09,2024-02-09,221003,BOF - Conversions,221003a,Retargeting 30d,CONVERSIONS,12269,415,790.99,8588,1.87,"[{""action_type"":""purchase"",""value"":""18.77""},{""action_type"":""link_click"",""value"":""415""}]",2024-02-09T07:00:00Z,false
2024-02-09,2024-02-09,221004,BOF - Catalogue,221004a,DPA All Products,PRODUCT_CATALOG_SALES,17003,589,1396.87,11902,1.74,"[{""action_type"":""purchase"",""value"":""30.84""},{""action_type"":""link_click"",""value"":""589""}]",2024-02-09T07:00:00Z,false
2024-02-10,2024-02-10,221001,TOF - Awareness,221001a,Broad Audience,BRAND_AWARENESS,4777,176,214.78,3343,1.29,"[{""action_type"":""purchase"",""value"":""4.28""},{""action_type"":""link_click"",""value"":""176""}]",2024-02-10T07:00:00Z,false
2024-02-10,2024-02-10,221002,MOF - Traffic,221002a,Lookalike 2%,LINK_CLICKS,14232,537,899.42,9962,1.34,"[{""action_type"":""purchase"",""value"":""18.85""},{""action_type"":""link_click"",""value"":""537""}]",2024-02-10T07:00:00Z,false
2024-02-10,2024-02-10,221003,BOF - Conversions,221003a,Retargeting 30d,CONVERSIONS,14573,392,634.78,10201,3.3,"[{""action_type"":""purchase"",""value"":""16.56""},{""action_type"":""link_click"",""value"":""392""}]",2024-02-10T07:00:00Z,false
2024-02-10,2024-02-10,221004,BOF - Catalogue,221004a,DPA All Products,PRODUCT_CATALOG_SALES,7676,247,401.67,5373,1.79,"[{""action_type"":""purchase"",""value"":""4.55""},{""action_type"":""link_click"",""value"":""247""}]",2024-02-10T07:00:00Z,false
2024-02-11,2024-02-11,221001,TOF - Awareness,221001a,Broad Audience,BRAND_AWARENESS,16778,583,1452.08,11744,2.21,"[{""action_type"":""purchase"",""value"":""39.13""},{""action_type"":""link_click"",""value"":""583""}]",2024-02-11T07:00:00Z,false
2024-02-11,2024-02-11,221002,MOF - Traffic,221002a,Lookalike 2%,LINK_CLICKS,8393,357,969.9,5875,2.24,"[{""action_type"":""purchase"",""value"":""14.4""},{""action_type"":""link_click"",""value"":""357""}]",2024-02-11T07:00:00Z,false
2024-02-11,2024-02-11,221003,BOF - Conversions,221003a,Retargeting 30d,CONVERSIONS,18112,482,1172.1,12678,1.21,"[{""action_type"":""purchase"",""value"":""18.95""},{""action_type"":""link_click"",""value"":""482""}]",2024-02-11T07:00:00Z,false
2024-02-11,2024-02-11,221004,BOF - Catalogue,221004a,DPA All Products,PRODUCT_CATALOG_SALES,3011,125,125.9,2107,1.56,"[{""action_type"":""purchase"",""value"":""1.5""},{""action_type"":""link_click"",""value"":""125""}]",2024-02-11T07:00:00Z,false
2024-02-12,2024-02-12,221001,TOF - Awareness,221001a,Broad Audience,BRAND_AWARENESS,11459,191,296.4,8021,2.91,"[{""action_type"":""purchase"",""value"":""10.42""},{""action_type"":""link_click"",""value"":""191""}]",2024-02-12T07:00:00Z,false
2024-02-12,2024-02-12,221002,MOF - Traffic,221002a,Lookalike 2%,LINK_CLICKS,18738,272,207.45,13116,3.06,"[{""action_type"":""purchase"",""value"":""15.37""},{""action_type"":""link_click"",""value"":""272""}]",2024-02-12T07:00:00Z,false
2024-02-12,2024-02-12,221003,BOF - Conversions,221003a,Retargeting 30d,CONVERSIONS,14021,444,994.83,9814,2.1,"[{""action_type"":""purchase"",""value"":""24.69""},{""action_type"":""link_click"",""value"":""444""}]",2024-02-12T07:00:00Z,false
2024-02-12,2024-02-12,221004,BOF - Catalogue,221004a,DPA All Products,PRODUCT_CATALOG_SALES,9161,454,333.94,6412,2.88,"[{""action_type"":""purchase"",""value"":""27.15""},{""action_type"":""link_click"",""value"":""454""}]",2024-02-12T07:00:00Z,false
2024-02-13,2024-02-13,221001,TOF - Awareness,221001a,Broad Audience,BRAND_AWARENESS,11755,528,303.14,8228,3.16,"[{""action_type"":""purchase"",""value"":""13.61""},{""action_type"":""link_click"",""value"":""528""}]",2024-02-13T07:00:00Z,false
2024-02-13,2024-02-13,221002,MOF - Traffic,221002a,Lookalike 2%,LINK_CLICKS,4850,133,370.55,3395,1.59,"[{""action_type"":""purchase"",""value"":""7.52""},{""action_type"":""link_click"",""value"":""133""}]",2024-02-13T07:00:00Z,false
2024-02-13,2024-02-13,221003,BOF - Conversions,221003a,Retargeting 30d,CONVERSIONS,13489,599,1140.26,9442,2.54,"[{""action_type"":""purchase"",""value"":""21.38""},{""action_type"":""link_click"",""value"":""599""}]",2024-02-13T07:00:00Z,false
2024-02-13,2024-02-13,221004,BOF - Catalogue,221004a,DPA All Products,PRODUCT_CATALOG_SALES,8770,373,877.49,6139,2.33,"[{""action_type"":""purchase"",""value"":""16.49""},{""action_type"":""link_click"",""value"":""373""}]",2024-02-13T07:00:00Z,false
2024-02-14,2024-02-14,221001,TOF - Awareness,221001a,Broad Audience,BRAND_AWARENESS,19654,328,902.56,13757,2.43,"[{""action_type"":""purchase"",""value"":""9.04""},{""action_type"":""link_click"",""value"":""328""}]",2024-02-14T07:00:00Z,false
2024-02-14,2024-02-14,221002,MOF - Traffic,221002a,Lookalike 2%,LINK_CLICKS,18856,931,1920.08,13199,3.41,"[{""action_type"":""purchase"",""value"":""14.63""},{""action_type"":""link_click"",""value"":""931""}]",2024-02-14T07:00:00Z,false
2024-02-14,2024-02-14,221003,BOF - Conversions,221003a,Retargeting 30d,CONVERSIONS,15487,724,2014.69,10840,1.32,"[{""action_type"":""purchase"",""value"":""44.9""},{""action_type"":""link_click"",""value"":""724""}]",2024-02-14T07:00:00Z,false
2024-02-14,2024-02-14,221004,BOF - Catalogue,221004a,DPA All Products,PRODUCT_CATALOG_SALES,6348,126,269.16,4443,2.9,"[{""action_type"":""purchase"",""value"":""7.52""},{""action_type"":""link_click"",""value"":""126""}]",2024-02-14T07:00:00Z,false
2024-02-15,2024-02-15,221001,TOF - Awareness,221001a,Broad Audience,BRAND_AWARENESS,14868,439,802.53,10407,2.04,"[{""action_type"":""purchase"",""value"":""11.47""},{""action_type"":""link_click"",""value"":""439""}]",2024-02-15T07:00:00Z,false
2024-02-15,2024-02-15,221002,MOF - Traffic,221002a,Lookalike 2%,LINK_CLICKS,16810,218,507.41,11767,2.01,"[{""action_type"":""purchase"",""value"":""12.24""},{""action_type"":""link_click"",""value"":""218""}]",2024-02-15T07:00:00Z,false
2024-02-15,2024-02-15,221003,BOF - Conversions,221003a,Retargeting 30d,CONVERSIONS,11116,420,1057.49,7781,2.22,"[{""action_type"":""purchase"",""value"":""15.66""},{""action_type"":""link_click"",""value"":""420""}]",2024-02-15T07:00:00Z,false
2024-02-15,2024-02-15,221004,BOF - Catalogue,221004a,DPA All Products,PRODUCT_CATALOG_SALES,2081,93,227.71,1456,3.43,"[{""action_type"":""purchase"",""value"":""1.45""},{""action_type"":""link_click"",""value"":""93""}]",2024-02-15T07:00:00Z,false
2024-02-16,2024-02-16,221001,TOF - Awareness,221001a,Broad Audience,BRAND_AWARENESS,13738,604,1407.36,9616,3.42,"[{""action_type"":""purchase"",""value"":""20.45""},{""action_type"":""link_click"",""value"":""604""}]",2024-02-16T07:00:00Z,false
2024-02-16,2024-02-16,221002,MOF - Traffic,221002a,Lookalike 2%,LINK_CLICKS,8941,266,330.53,6258,2.37,"[{""action_type"":""purchase"",""value"":""7.19""},{""action_type"":""link_click"",""value"":""266""}]",2024-02-16T07:00:00Z,false
2024-02-16,2024-02-16,221003,BOF - Conversions,221003a,Retargeting 30d,CONVERSIONS,6279,204,329.72,4395,2.71,"[{""action_type"":""purchase"",""value"":""6.25""},{""action_type"":""link_click"",""value"":""204""}]",2024-02-16T07:00:00Z,false
2024-02-16,2024-02-16,221004,BOF - Catalogue,221004a,DPA All Products,PRODUCT_CATALOG_SALES,3586,42,81.49,2510,1.04,"[{""action_type"":""purchase"",""value"":""2.53""},{""action_type"":""link_click"",""value"":""42""}]",2024-02-16T07:00:00Z,false
2024-02-17,2024-02-17,221001,TOF - Awareness,221001a,Broad Audience,BRAND_AWARENESS,7176,198,99.31,5023,1.51,"[{""action_type"":""purchase"",""value"":""13.36""},{""action_type"":""link_click"",""value"":""198""}]",2024-02-17T07:00:00Z,false
2024-02-17,2024-02-17,221002,MOF - Traffic,221002a,Lookalike 2%,LINK_CLICKS,6322,286,341.57,4425,3.19,"[{""action_type"":""purchase"",""value"":""17.87""},{""action_type"":""link_click"",""value"":""286""}]",2024-02-17T07:00:00Z,false
2024-02-17,2024-02-17,221003,BOF - Conversions,221003a,Retargeting 30d,CONVERSIONS,5058,183,196.89,3540,3.26,"[{""action_type"":""purchase"",""value"":""5.91""},{""action_type"":""link_click"",""value"":""183""}]",2024-02-17T07:00:00Z,false
2024-02-17,2024-02-17,221004,BOF - Catalogue,221004a,DPA All Products,PRODUCT_CATALOG_SALES,7423,89,172.56,5196,2.89,"[{""action_type"":""purchase"",""value"":""4.77""},{""action_type"":""link_click"",""value"":""89""}]",2024-02-17T07:00:00Z,false
2024-02-18,2024-02-18,221001,TOF - Awareness,221001a,Broad Audience,BRAND_AWARENESS,16065,581,1230.85,11245,2.19,"[{""action_type"":""purchase"",""value"":""5.85""},{""action_type"":""link_click"",""value"":""581""}]",2024-02-18T07:00:00Z,false
2024-02-18,2024-02-18,221002,MOF - Traffic,221002a,Lookalike 2%,LINK_CLICKS,6348,214,362.67,4443,1.02,"[{""action_type"":""purchase"",""value"":""7.85""},{""action_type"":""link_click"",""value"":""214""}]",2024-02-18T07:00:00Z,false
2024-02-18,2024-02-18,221003,BOF - Conversions,221003a,Retargeting 30d,CONVERSIONS,13258,565,1566.61,9280,1.33,"[{""action_type"":""purchase"",""value"":""19.97""},{""action_type"":""link_click"",""value"":""565""}]",2024-02-18T07:00:00Z,false
2024-02-18,2024-02-18,221004,BOF - Catalogue,221004a,DPA All Products,PRODUCT_CATALOG_SALES,4320,82,57.85,3024,1.26,"[{""action_type"":""purchase"",""value"":""4.79""},{""action_type"":""link_click"",""value"":""82""}]",2024-02-18T07:00:00Z,false
2024-02-19,2024-02-19,221001,TOF - Awareness,221001a,Broad Audience,BRAND_AWARENESS,14044,635,517.78,9830,2.88,"[{""action_type"":""purchase"",""value"":""35.82""},{""action_type"":""link_click"",""value"":""635""}]",2024-02-19T07:00:00Z,false
2024-02-19,2024-02-19,221002,MOF - Traffic,221002a,Lookalike 2%,LINK_CLICKS,6362,226,464.98,4453,2.41,"[{""action_type"":""purchase"",""value"":""3.19""},{""action_type"":""link_click"",""value"":""226""}]",2024-02-19T07:00:00Z,false
2024-02-19,2024-02-19,221003,BOF - Conversions,221003a,Retargeting 30d,CONVERSIONS,7377,203,438.8,5163,1.38,"[{""action_type"":""purchase"",""value"":""9.68""},{""action_type"":""link_click"",""value"":""203""}]",2024-02-19T07:00:00Z,false
2024-02-19,2024-02-19,221004,BOF - Catalogue,221004a,DPA All Products,PRODUCT_CATALOG_SALES,15490,536,813.37,10843,3.24,"[{""action_type"":""purchase"",""value"":""12.35""},{""action_type"":""link_click"",""value"":""536""}]",2024-02-19T07:00:00Z,false
2024-02-20,2024-02-20,221001,TOF - Awareness,221001a,Broad Audience,BRAND_AWARENESS,6587,264,489.99,4610,3.41,"[{""action_type"":""purchase"",""value"":""8.72""},{""action_type"":""link_click"",""value"":""264""}]",2024-02-20T07:00:00Z,false
2024-02-20,2024-02-20,221002,MOF - Traffic,221002a,Lookalike 2%,LINK_CLICKS,12305,512,547.79,8613,1.62,"[{""action_type"":""purchase"",""value"":""24.92""},{""action_type"":""link_click"",""value"":""512""}]",2024-02-20T07:00:00Z,false
2024-02-20,2024-02-20,221003,BOF - Conversions,221003a,Retargeting 30d,CONVERSIONS,11336,466,973.05,7935,2.65,"[{""action_type"":""purchase"",""value"":""28.37""},{""action_type"":""link_click"",""value"":""466""}]",2024-02-20T07:00:00Z,false
2024-02-20,2024-02-20,221004,BOF - Catalogue,221004a,DPA All Products,PRODUCT_CATALOG_SALES,11884,216,409.52,8318,1.98,"[{""action_type"":""purchase"",""value"":""4.6""},{""action_type"":""link_click"",""value"":""216""}]",2024-02-20T07:00:00Z,false
2024-02-21,2024-02-21,221001,TOF - Awareness,221001a,Broad Audience,BRAND_AWARENESS,3788,156,362.81,2651,1.96,"[{""action_type"":""purchase"",""value"":""3.8""},{""action_type"":""link_click"",""value"":""156""}]",2024-02-21T07:00:00Z,false
2024-02-21,2024-02-21,221002,MOF - Traffic,221002a,Lookalike 2%,LINK_CLICKS,9899,296,552.35,6929,3.44,"[{""action_type"":""purchase"",""value"":""12.34""},{""action_type"":""link_click"",""value"":""296""}]",2024-02-21T07:00:00Z,false
2024-02-21,2024-02-21,221003,BOF - Conversions,221003a,Retargeting 30d,CONVERSIONS,13832,655,526.33,9682,2.42,"[{""action_type"":""purchase"",""value"":""40.38""},{""action_type"":""link_click"",""value"":""655""}]",2024-02-21T07:00:00Z,false
2024-02-21,2024-02-21,221004,BOF - Catalogue,221004a,DPA All Products,PRODUCT_CATALOG_SALES,13973,445,399.33,9781,3.47,"[{""action_type"":""purchase"",""value"":""17.03""},{""action_type"":""link_click"",""value"":""445""}]",2024-02-21T07:00:00Z,false
2024-02-22,2024-02-22,221001,TOF - Awareness,221001a,Broad Audience,BRAND_AWARENESS,4391,46,30.14,3073,1.1,"[{""action_type"":""purchase"",""value"":""1.18""},{""action_type"":""link_click"",""value"":""46""}]",2024-02-22T07:00:00Z,false
2024-02-22,2024-02-22,221002,MOF - Traffic,221002a,Lookalike 2%,LINK_CLICKS,3981,190,268.92,2786,2.78,"[{""action_type"":""purchase"",""value"":""5.17""},{""action_type"":""link_click"",""value"":""190""}]",2024-02-22T07:00:00Z,false
2024-02-22,2024-02-22,221003,BOF - Conversions,221003a,Retargeting 30d,CONVERSIONS,15612,420,598.6,10928,2.34,"[{""action_type"":""purchase"",""value"":""20.34""},{""action_type"":""link_click"",""value"":""420""}]",2024-02-22T07:00:00Z,false
2024-02-22,2024-02-22,221004,BOF - Catalogue,221004a,DPA All Products,PRODUCT_CATALOG_SALES,7003,147,178.28,4902,1.51,"[{""action_type"":""purchase"",""value"":""5.98""},{""action_type"":""link_click"",""value"":""147""}]",2024-02-22T07:00:00Z,false
2024-02-23,2024-02-23,221001,TOF - Awareness,221001a,Broad Audience,BRAND_AWARENESS,7091,223,311.91,4963,3.09,"[{""action_type"":""purchase"",""value"":""10.72""},{""action_type"":""link_click"",""value"":""223""}]",2024-02-23T07:00:00Z,false
2024-02-23,2024-02-23,221002,MOF - Traffic,221002a,Lookalike 2%,LINK_CLICKS,4166,93,140.08,2916,1.6,"[{""action_type"":""purchase"",""value"":""6.25""},{""action_type"":""link_click"",""value"":""93""}]",2024-02-23T07:00:00Z,false
2024-02-23,2024-02-23,221003,BOF - Conversions,221003a,Retargeting 30d,CONVERSIONS,10011,134,200.91,7007,2.52,"[{""action_type"":""purchase"",""value"":""4.99""},{""action_type"":""link_click"",""value"":""134""}]",2024-02-23T07:00:00Z,false
2024-02-23,2024-02-23,221004,BOF - Catalogue,221004a,DPA All Products,PRODUCT_CATALOG_SALES,12134,444,894.0,8493,1.03,"[{""action_type"":""purchase"",""value"":""9.12""},{""action_type"":""link_click"",""value"":""444""}]",2024-02-23T07:00:00Z,false
2024-02-24,2024-02-24,221001,TOF - Awareness,221001a,Broad Audience,BRAND_AWARENESS,6496,247,216.57,4547,2.31,"[{""action_type"":""purchase"",""value"":""16.59""},{""action_type"":""link_click"",""value"":""247""}]",2024-02-24T07:00:00Z,false
2024-02-24,2024-02-24,221002,MOF - Traffic,221002a,Lookalike 2%,LINK_CLICKS,10495,175,138.59,7346,1.67,"[{""action_type"":""purchase"",""value"":""9.95""},{""action_type"":""link_click"",""value"":""175""}]",2024-02-24T07:00:00Z,false
2024-02-24,2024-02-24,221003,BOF - Conversions,221003a,Retargeting 30d,CONVERSIONS,5868,239,135.64,4107,1.68,"[{""action_type"":""purchase"",""value"":""13.96""},{""action_type"":""link_click"",""value"":""239""}]",2024-02-24T07:00:00Z,false
2024-02-24,2024-02-24,221004,BOF - Catalogue,221004a,DPA All Products,PRODUCT_CATALOG_SALES,4092,83,227.64,2864,2.24,"[{""action_type"":""purchase"",""value"":""3.96""},{""action_type"":""link_click"",""value"":""83""}]",2024-02-24T07:00:00Z,false
2024-02-25,2024-02-25,221001,TOF - Awareness,221001a,Broad Audience,BRAND_AWARENESS,18737,457,753.64,13115,1.92,"[{""action_type"":""purchase"",""value"":""20.11""},{""action_type"":""link_click"",""value"":""457""}]",2024-02-25T07:00:00Z,false
2024-02-25,2024-02-25,221002,MOF - Traffic,221002a,Lookalike 2%,LINK_CLICKS,10359,424,1084.09,7251,1.29,"[{""action_type"":""purchase"",""value"":""21.39""},{""action_type"":""link_click"",""value"":""424""}]",2024-02-25T07:00:00Z,false
2024-02-25,2024-02-25,221003,BOF - Conversions,221003a,Retargeting 30d,CONVERSIONS,18673,188,465.3,13071,1.11,"[{""action_type"":""purchase"",""value"":""2.02""},{""action_type"":""link_click"",""value"":""188""}]",2024-02-25T07:00:00Z,false
2024-02-25,2024-02-25,221004,BOF - Catalogue,221004a,DPA All Products,PRODUCT_CATALOG_SALES,13926,352,297.51,9748,3.14,"[{""action_type"":""purchase"",""value"":""23.19""},{""action_type"":""link_click"",""value"":""352""}]",2024-02-25T07:00:00Z,false
2024-02-26,2024-02-26,221001,TOF - Awareness,221001a,Broad Audience,BRAND_AWARENESS,15741,298,319.16,11018,1.8,"[{""action_type"":""purchase"",""value"":""19.36""},{""action_type"":""link_click"",""value"":""298""}]",2024-02-26T07:00:00Z,false
2024-02-26,2024-02-26,221002,MOF - Traffic,221002a,Lookalike 2%,LINK_CLICKS,4552,149,115.42,3186,1.13,"[{""action_type"":""purchase"",""value"":""7.51""},{""action_type"":""link_click"",""value"":""149""}]",2024-02-26T07:00:00Z,false
2024-02-26,2024-02-26,221003,BOF - Conversions,221003a,Retargeting 30d,CONVERSIONS,9313,392,1080.84,6519,1.17,"[{""action_type"":""purchase"",""value"":""26.36""},{""action_type"":""link_click"",""value"":""392""}]",2024-02-26T07:00:00Z,false
2024-02-26,2024-02-26,221004,BOF - Catalogue,221004a,DPA All Products,PRODUCT_CATALOG_SALES,17240,769,1752.64,12068,1.22,"[{""action_type"":""purchase"",""value"":""22.03""},{""action_type"":""link_click"",""value"":""769""}]",2024-02-26T07:00:00Z,false
2024-02-27,2024-02-27,221001,TOF - Awareness,221001a,Broad Audience,BRAND_AWARENESS,16966,175,168.27,11876,1.76,"[{""action_type"":""purchase"",""value"":""7.67""},{""action_type"":""link_click"",""value"":""175""}]",2024-02-27T07:00:00Z,false
2024-02-27,2024-02-27,221002,MOF - Traffic,221002a,Lookalike 2%,LINK_CLICKS,9948,284,528.49,6963,2.93,"[{""action_type"":""purchase"",""value"":""11.25""},{""action_type"":""link_click"",""value"":""284""}]",2024-02-27T07:00:00Z,false
2024-02-27,2024-02-27,221003,BOF - Conversions,221003a,Retargeting 30d,CONVERSIONS,8403,330,579.84,5882,1.38,"[{""action_type"":""purchase"",""value"":""19.06""},{""action_type"":""link_click"",""value"":""330""}]",2024-02-27T07:00:00Z,false
2024-02-27,2024-02-27,221004,BOF - Catalogue,221004a,DPA All Products,PRODUCT_CATALOG_SALES,15436,169,295.0,10805,2.73,"[{""action_type"":""purchase"",""value"":""8.14""},{""action_type"":""link_click"",""value"":""169""}]",2024-02-27T07:00:00Z,false
2024-02-28,2024-02-28,221001,TOF - Awareness,221001a,Broad Audience,BRAND_AWARENESS,2314,111,55.87,1619,3.12,"[{""action_type"":""purchase"",""value"":""5.49""},{""action_type"":""link_click"",""value"":""111""}]",2024-02-28T07:00:00Z,false
2024-02-28,2024-02-28,221002,MOF - Traffic,221002a,Lookalike 2%,LINK_CLICKS,12076,170,292.16,8453,2.23,"[{""action_type"":""purchase"",""value"":""4.13""},{""action_type"":""link_click"",""value"":""170""}]",2024-02-28T07:00:00Z,false
2024-02-28,2024-02-28,221003,BOF - Conversions,221003a,Retargeting 30d,CONVERSIONS,3962,193,159.7,2773,1.11,"[{""action_type"":""purchase"",""value"":""5.17""},{""action_type"":""link_click"",""value"":""193""}]",2024-02-28T07:00:00Z,false
2024-02-28,2024-02-28,221004,BOF - Catalogue,221004a,DPA All Products,PRODUCT_CATALOG_SALES,9584,439,744.3,6708,1.93,"[{""action_type"":""purchase"",""value"":""22.85""},{""action_type"":""link_click"",""value"":""439""}]",2024-02-28T07:00:00Z,false
2024-02-29,2024-02-29,221001,TOF - Awareness,221001a,Broad Audience,BRAND_AWARENESS,4782,158,262.67,3347,1.99,"[{""action_type"":""purchase"",""value"":""7.62""},{""action_type"":""link_click"",""value"":""158""}]",2024-02-29T07:00:00Z,false
2024-02-29,2024-02-29,221002,MOF - Traffic,221002a,Lookalike 2%,LINK_CLICKS,4040,110,298.95,2828,1.65,"[{""action_type"":""purchase"",""value"":""2.66""},{""action_type"":""link_click"",""value"":""110""}]",2024-02-29T07:00:00Z,false
2024-02-29,2024-02-29,221003,BOF - Conversions,221003a,Retargeting 30d,CONVERSIONS,12322,579,812.8,8625,1.82,"[{""action_type"":""purchase"",""value"":""34.69""},{""action_type"":""link_click"",""value"":""579""}]",2024-02-29T07:00:00Z,false
2024-02-29,2024-02-29,221004,BOF - Catalogue,221004a,DPA All Products,PRODUCT_CATALOG_SALES,16835,351,235.8,11784,2.95,"[{""action_type"":""purchase"",""value"":""7.78""},{""action_type"":""link_click"",""value"":""351""}]",2024-02-29T07:00:00Z,false
2024-03-01,2024-03-01,221001,TOF - Awareness,221001a,Broad Audience,BRAND_AWARENESS,5570,90,79.03,3898,2.02,"[{""action_type"":""purchase"",""value"":""3.42""},{""action_type"":""link_click"",""value"":""90""}]",2024-03-01T07:00:00Z,false
2024-03-01,2024-03-01,221002,MOF - Traffic,221002a,Lookalike 2%,LINK_CLICKS,19561,475,1079.09,13692,2.16,"[{""action_type"":""purchase"",""value"":""17.63""},{""action_type"":""link_click"",""value"":""475""}]",2024-03-01T07:00:00Z,false
2024-03-01,2024-03-01,221003,BOF - Conversions,221003a,Retargeting 30d,CONVERSIONS,5929,80,188.6,4150,2.76,"[{""action_type"":""purchase"",""value"":""2.26""},{""action_type"":""link_click"",""value"":""80""}]",2024-03-01T07:00:00Z,false
2024-03-01,2024-03-01,221004,BOF - Catalogue,221004a,DPA All Products,PRODUCT_CATALOG_SALES,3321,61,150.68,2324,2.78,"[{""action_type"":""purchase"",""value"":""1.15""},{""action_type"":""link_click"",""value"":""61""}]",2024-03-01T07:00:00Z,false
2024-03-02,2024-03-02,221001,TOF - Awareness,221001a,Broad Audience,BRAND_AWARENESS,13656,353,216.24,9559,3.05,"[{""action_type"":""purchase"",""value"":""9.86""},{""action_type"":""link_click"",""value"":""353""}]",2024-03-02T07:00:00Z,false
2024-03-02,2024-03-02,221002,MOF - Traffic,221002a,Lookalike 2%,LINK_CLICKS,7697,86,122.99,5387,2.87,"[{""action_type"":""purchase"",""value"":""3.19""},{""action_type"":""link_click"",""value"":""86""}]",2024-03-02T07:00:00Z,false
2024-03-02,2024-03-02,221003,BOF - Conversions,221003a,Retargeting 30d,CONVERSIONS,10187,140,102.81,7130,1.3,"[{""action_type"":""purchase"",""value"":""8.07""},{""action_type"":""link_click"",""value"":""140""}]",2024-03-02T07:00:00Z,false
2024-03-02,2024-03-02,221004,BOF - Catalogue,221004a,DPA All Products,PRODUCT_CATALOG_SALES,4020,173,477.46,2814,3.06,"[{""action_type"":""purchase"",""value"":""3.09""},{""action_type"":""link_click"",""value"":""173""}]",2024-03-02T07:00:00Z,false
2024-03-03,2024-03-03,221001,TOF - Awareness,221001a,Broad Audience,BRAND_AWARENESS,14197,531,1410.56,9937,2.47,"[{""action_type"":""purchase"",""value"":""7.99""},{""action_type"":""link_click"",""value"":""531""}]",2024-03-03T07:00:00Z,false
2024-03-03,2024-03-03,221002,MOF - Traffic,221002a,Lookalike 2%,LINK_CLICKS,4457,48,31.12,3119,2.11,"[{""action_type"":""purchase"",""value"":""3.08""},{""action_type"":""link_click"",""value"":""48""}]",2024-03-03T07:00:00Z,false
2024-03-03,2024-03-03,221003,BOF - Conversions,221003a,Retargeting 30d,CONVERSIONS,6220,85,208.14,4354,1.31,"[{""action_type"":""purchase"",""value"":""4.98""},{""action_type"":""link_click"",""value"":""85""}]",2024-03-03T07:00:00Z,false
2024-03-03,2024-03-03,221004,BOF - Catalogue,221004a,DPA All Products,PRODUCT_CATALOG_SALES,17105,205,538.23,11973,2.81,"[{""action_type"":""purchase"",""value"":""7.38""},{""action_type"":""link_click"",""value"":""205""}]",2024-03-03T07:00:00Z,false
2024-03-04,2024-03-04,221001,TOF - Awareness,221001a,Broad Audience,BRAND_AWARENESS,18257,204,422.56,12779,1.54,"[{""action_type"":""purchase"",""value"":""4.16""},{""action_type"":""link_click"",""value"":""204""}]",2024-03-04T07:00:00Z,false
2024-03-04,2024-03-04,221002,MOF - Traffic,221002a,Lookalike 2%,LINK_CLICKS,8132,170,259.39,5692,2.54,"[{""action_type"":""purchase"",""value"":""3.22""},{""action_type"":""link_click"",""value"":""170""}]",2024-03-04T07:00:00Z,false
2024-03-04,2024-03-04,221003,BOF - Conversions,221003a,Retargeting 30d,CONVERSIONS,10053,360,593.08,7037,2.2,"[{""action_type"":""purchase"",""value"":""22.67""},{""action_type"":""link_click"",""value"":""360""}]",2024-03-04T07:00:00Z,false
2024-03-04,2024-03-04,221004,BOF - Catalogue,221004a,DPA All Products,PRODUCT_CATALOG_SALES,4874,103,84.01,3411,3.21,"[{""action_type"":""purchase"",""value"":""2.26""},{""action_type"":""link_click"",""value"":""103""}]",2024-03-04T07:00:00Z,false
2024-03-05,2024-03-05,221001,TOF - Awareness,221001a,Broad Audience,BRAND_AWARENESS,19229,383,1067.19,13460,1.05,"[{""action_type"":""purchase"",""value"":""16.32""},{""action_type"":""link_click"",""value"":""383""}]",2024-03-05T07:00:00Z,false
2024-03-05,2024-03-05,221002,MOF - Traffic,221002a,Lookalike 2%,LINK_CLICKS,14533,599,794.25,10173,2.21,"[{""action_type"":""purchase"",""value"":""25.56""},{""action_type"":""link_click"",""value"":""599""}]",2024-03-05T07:00:00Z,false
2024-03-05,2024-03-05,221003,BOF - Conversions,221003a,Retargeting 30d,CONVERSIONS,18462,422,473.48,12923,2.49,"[{""action_type"":""purchase"",""value"":""4.88""},{""action_type"":""link_click"",""value"":""422""}]",2024-03-05T07:00:00Z,false
2024-03-05,2024-03-05,221004,BOF - Catalogue,221004a,DPA All Products,PRODUCT_CATALOG_SALES,2960,135,309.24,2072,3.48,"[{""action_type"":""purchase"",""value"":""1.82""},{""action_type"":""link_click"",""value"":""135""}]",2024-03-05T07:00:00Z,false
2024-03-06,2024-03-06,221001,TOF - Awareness,221001a,Broad Audience,BRAND_AWARENESS,19348,470,866.29,13543,1.4,"[{""action_type"":""purchase"",""value"":""11.26""},{""action_type"":""link_click"",""value"":""470""}]",2024-03-06T07:00:00Z,false
2024-03-06,2024-03-06,221002,MOF - Traffic,221002a,Lookalike 2%,LINK_CLICKS,10121,367,408.48,7084,3.29,"[{""action_type"":""purchase"",""value"":""21.64""},{""action_type"":""link_click"",""value"":""367""}]",2024-03-06T07:00:00Z,false
2024-03-06,2024-03-06,221003,BOF - Conversions,221003a,Retargeting 30d,CONVERSIONS,3832,155,415.39,2682,3.46,"[{""action_type"":""purchase"",""value"":""6.9""},{""action_type"":""link_click"",""value"":""155""}]",2024-03-06T07:00:00Z,false
2024-03-06,2024-03-06,221004,BOF - Catalogue,221004a,DPA All Products,PRODUCT_CATALOG_SALES,14727,356,865.16,10308,1.44,"[{""action_type"":""purchase"",""value"":""21.61""},{""action_type"":""link_click"",""value"":""356""}]",2024-03-06T07:00:00Z,false
2024-03-07,2024-03-07,221001,TOF - Awareness,221001a,Broad Audience,BRAND_AWARENESS,12420,524,1102.78,8694,1.07,"[{""action_type"":""purchase"",""value"":""33.98""},{""action_type"":""link_click"",""value"":""524""}]",2024-03-07T07:00:00Z,false
2024-03-07,2024-03-07,221002,MOF - Traffic,221002a,Lookalike 2%,LINK_CLICKS,13523,647,1162.2,9466,1.47,"[{""action_type"":""purchase"",""value"":""28.33""},{""action_type"":""link_click"",""value"":""647""}]",2024-03-07T07:00:00Z,false
2024-03-07,2024-03-07,221003,BOF - Conversions,221003a,Retargeting 30d,CONVERSIONS,18129,574,518.77,12690,1.14,"[{""action_type"":""purchase"",""value"":""7.05""},{""action_type"":""link_click"",""value"":""574""}]",2024-03-07T07:00:00Z,false
2024-03-07,2024-03-07,221004,BOF - Catalogue,221004a,DPA All Products,PRODUCT_CATALOG_SALES,9169,98,156.74,6418,2.54,"[{""action_type"":""purchase"",""value"":""2.93""},{""action_type"":""link_click"",""value"":""98""}]",2024-03-07T07:00:00Z,false
2024-03-08,2024-03-08,221001,TOF - Awareness,221001a,Broad Audience,BRAND_AWARENESS,6275,148,134.41,4392,3.17,"[{""action_type"":""purchase"",""value"":""8.61""},{""action_type"":""link_click"",""value"":""148""}]",2024-03-08T07:00:00Z,false
2024-03-08,2024-03-08,221002,MOF - Traffic,221002a,Lookalike 2%,LINK_CLICKS,3951,42,77.67,2765,2.94,"[{""action_type"":""purchase"",""value"":""2.73""},{""action_type"":""link_click"",""value"":""42""}]",2024-03-08T07:00:00Z,false
2024-03-08,2024-03-08,221003,BOF - Conversions,221003a,Retargeting 30d,CONVERSIONS,19245,854,2313.73,13471,3.35,"[{""action_type"":""purchase"",""value"":""27.68""},{""action_type"":""link_click"",""value"":""854""}]",2024-03-08T07:00:00Z,false
2024-03-08,2024-03-08,221004,BOF - Catalogue,221004a,DPA All Products,PRODUCT_CATALOG_SALES,14962,500,637.05,10473,3.44,"[{""action_type"":""purchase"",""value"":""14.68""},{""action_type"":""link_click"",""value"":""500""}]",2024-03-08T07:00:00Z,false
2024-03-09,2024-03-09,221001,TOF - Awareness,221001a,Broad Audience,BRAND_AWARENESS,16315,679,1839.77,11420,1.44,"[{""action_type"":""purchase"",""value"":""33.24""},{""action_type"":""link_click"",""value"":""679""}]",2024-03-09T07:00:00Z,false
2024-03-09,2024-03-09,221002,MOF - Traffic,221002a,Lookalike 2%,LINK_CLICKS,13692,259,480.34,9584,1.77,"[{""action_type"":""purchase"",""value"":""5.31""},{""action_type"":""link_click"",""value"":""259""}]",2024-03-09T07:00:00Z,false
2024-03-09,2024-03-09,221003,BOF - Conversions,221003a,Retargeting 30d,CONVERSIONS,11650,175,380.85,8154,3.37,"[{""action_type"":""purchase"",""value"":""11.71""},{""action_type"":""link_click"",""value"":""175""}]",2024-03-09T07:00:00Z,false
2024-03-09,2024-03-09,221004,BOF - Catalogue,221004a,DPA All Products,PRODUCT_CATALOG_SALES,14831,653,1484.21,10381,1.46,"[{""action_type"":""purchase"",""value"":""28.76""},{""action_type"":""link_click"",""value"":""653""}]",2024-03-09T07:00:00Z,false
2024-03-10,2024-03-10,221001,TOF - Awareness,221001a,Broad Audience,BRAND_AWARENESS,12427,582,1586.14,8698,2.41,"[{""action_type"":""purchase"",""value"":""13.53""},{""action_type"":""link_click"",""value"":""582""}]",2024-03-10T07:00:00Z,false
2024-03-10,2024-03-10,221002,MOF - Traffic,221002a,Lookalike 2%,LINK_CLICKS,18258,285,631.07,12780,3.46,"[{""action_type"":""purchase"",""value"":""6.92""},{""action_type"":""link_click"",""value"":""285""}]",2024-03-10T07:00:00Z,false
2024-03-10,2024-03-10,221003,BOF - Conversions,221003a,Retargeting 30d,CONVERSIONS,7501,265,719.5,5250,2.68,"[{""action_type"":""purchase"",""value"":""15.71""},{""action_type"":""link_click"",""value"":""265""}]",2024-03-10T07:00:00Z,false
2024-03-10,2024-03-10,221004,BOF - Catalogue,221004a,DPA All Products,PRODUCT_CATALOG_SALES,13001,362,401.82,9100,1.17,"[{""action_type"":""purchase"",""value"":""9.04""},{""action_type"":""link_click"",""value"":""362""}]",2024-03-10T07:00:00Z,false
2024-03-11,2024-03-11,221001,TOF - Awareness,221001a,Broad Audience,BRAND_AWARENESS,10410,431,929.65,7286,2.1,"[{""action_type"":""purchase"",""value"":""5.56""},{""action_type"":""link_click"",""value"":""431""}]",2024-03-11T07:00:00Z,false
2024-03-11,2024-03-11,221002,MOF - Traffic,221002a,Lookalike 2%,LINK_CLICKS,15751,768,1946.47,11025,1.95,"[{""action_type"":""purchase"",""value"":""30.4""},{""action_type"":""link_click"",""value"":""768""}]",2024-03-11T07:00:00Z,false
2024-03-11,2024-03-11,221003,BOF - Conversions,221003a,Retargeting 30d,CONVERSIONS,19892,497,1195.91,13924,2.45,"[{""action_type"":""purchase"",""value"":""28.49""},{""action_type"":""link_click"",""value"":""497""}]",2024-03-11T07:00:00Z,false
2024-03-11,2024-03-11,221004,BOF - Catalogue,221004a,DPA All Products,PRODUCT_CATALOG_SALES,9391,155,103.78,6573,1.74,"[{""action_type"":""purchase"",""value"":""9.42""},{""action_type"":""link_click"",""value"":""155""}]",2024-03-11T07:00:00Z,false
2024-03-12,2024-03-12,221001,TOF - Awareness,221001a,Broad Audience,BRAND_AWARENESS,12443,254,188.18,8710,3.22,"[{""action_type"":""purchase"",""value"":""7.75""},{""action_type"":""link_click"",""value"":""254""}]",2024-03-12T07:00:00Z,false
2024-03-12,2024-03-12,221002,MOF - Traffic,221002a,Lookalike 2%,LINK_CLICKS,7272,285,501.09,5090,1.23,"[{""action_type"":""purchase"",""value"":""18.21""},{""action_type"":""link_click"",""value"":""285""}]",2024-03-12T07:00:00Z,false
2024-03-12,2024-03-12,221003,BOF - Conversions,221003a,Retargeting 30d,CONVERSIONS,17818,680,1014.59,12472,2.52,"[{""action_type"":""purchase"",""value"":""33.47""},{""action_type"":""link_click"",""value"":""680""}]",2024-03-12T07:00:00Z,false
2024-03-12,2024-03-12,221004,BOF - Catalogue,221004a,DPA All Products,PRODUCT_CATALOG_SALES,16227,264,193.48,11358,1.47,"[{""action_type"":""purchase"",""value"":""5.9""},{""action_type"":""link_click"",""value"":""264""}]",2024-03-12T07:00:00Z,false
2024-03-13,2024-03-13,221001,TOF - Awareness,221001a,Broad Audience,BRAND_AWARENESS,19698,405,464.74,13788,1.12,"[{""action_type"":""purchase"",""value"":""9.82""},{""action_type"":""link_click"",""value"":""405""}]",2024-03-13T07:00:00Z,false
2024-03-13,2024-03-13,221002,MOF - Traffic,221002a,Lookalike 2%,LINK_CLICKS,18087,291,387.0,12660,1.74,"[{""action_type"":""purchase"",""value"":""10.38""},{""action_type"":""link_click"",""value"":""291""}]",2024-03-13T07:00:00Z,false
2024-03-13,2024-03-13,221003,BOF - Conversions,221003a,Retargeting 30d,CONVERSIONS,17739,319,178.38,12417,1.73,"[{""action_type"":""purchase"",""value"":""6.46""},{""action_type"":""link_click"",""value"":""319""}]",2024-03-13T07:00:00Z,false
2024-03-13,2024-03-13,221004,BOF - Catalogue,221004a,DPA All Products,PRODUCT_CATALOG_SALES,4684,135,103.37,3278,2.18,"[{""action_type"":""purchase"",""value"":""7.71""},{""action_type"":""link_click"",""value"":""135""}]",2024-03-13T07:00:00Z,false
2024-03-14,2024-03-14,221001,TOF - Awareness,221001a,Broad Audience,BRAND_AWARENESS,10683,145,253.97,7478,3.21,"[{""action_type"":""purchase"",""value"":""3.06""},{""action_type"":""link_click"",""value"":""145""}]",2024-03-14T07:00:00Z,false
2024-03-14,2024-03-14,221002,MOF - Traffic,221002a,Lookalike 2%,LINK_CLICKS,14104,246,148.24,9872,1.66,"[{""action_type"":""purchase"",""value"":""8.95""},{""action_type"":""link_click"",""value"":""246""}]",2024-03-14T07:00:00Z,false
2024-03-14,2024-03-14,221003,BOF - Conversions,221003a,Retargeting 30d,CONVERSIONS,10800,351,297.51,7559,1.24,"[{""action_type"":""purchase"",""value"":""18.18""},{""action_type"":""link_click"",""value"":""351""}]",2024-03-14T07:00:00Z,false
2024-03-14,2024-03-14,221004,BOF - Catalogue,221004a,DPA All Products,PRODUCT_CATALOG_SALES,13265,561,814.67,9285,1.57,"[{""action_type"":""purchase"",""value"":""31.07""},{""action_type"":""link_click"",""value"":""561""}]",2024-03-14T07:00:00Z,false
2024-03-15,2024-03-15,221001,TOF - Awareness,221001a,Broad Audience,BRAND_AWARENESS,3998,174,414.53,2798,2.34,"[{""action_type"":""purchase"",""value"":""6.11""},{""action_type"":""link_click"",""value"":""174""}]",2024-03-15T07:00:00Z,false
2024-03-15,2024-03-15,221002,MOF - Traffic,221002a,Lookalike 2%,LINK_CLICKS,17559,577,601.22,12291,1.99,"[{""action_type"":""purchase"",""value"":""16.12""},{""action_type"":""link_click"",""value"":""577""}]",2024-03-15T07:00:00Z,false
2024-03-15,2024-03-15,221003,BOF - Conversions,221003a,Retargeting 30d,CONVERSIONS,3137,94,241.68,2195,2.69,"[{""action_type"":""purchase"",""value"":""5.45""},{""action_type"":""link_click"",""value"":""94""}]",2024-03-15T07:00:00Z,false
2024-03-15,2024-03-15,221004,BOF - Catalogue,221004a,DPA All Products,PRODUCT_CATALOG_SALES,6831,101,226.39,4781,3.46,"[{""action_type"":""purchase"",""value"":""2.06""},{""action_type"":""link_click"",""value"":""101""}]",2024-03-15T07:00:00Z,false
2024-03-16,2024-03-16,221001,TOF - Awareness,221001a,Broad Audience,BRAND_AWARENESS,8943,378,298.71,6260,3.47,"[{""action_type"":""purchase"",""value"":""13.38""},{""action_type"":""link_click"",""value"":""378""}]",2024-03-16T07:00:00Z,false
2024-03-16,2024-03-16,221002,MOF - Traffic,221002a,Lookalike 2%,LINK_CLICKS,16266,294,703.22,11386,2.49,"[{""action_type"":""purchase"",""value"":""5.55""},{""action_type"":""link_click"",""value"":""294""}]",2024-03-16T07:00:00Z,false
2024-03-16,2024-03-16,221003,BOF - Conversions,221003a,Retargeting 30d,CONVERSIONS,12477,579,1506.91,8733,1.97,"[{""action_type"":""purchase"",""value"":""8.12""},{""action_type"":""link_click"",""value"":""579""}]",2024-03-16T07:00:00Z,false
2024-03-16,2024-03-16,221004,BOF - Catalogue,221004a,DPA All Products,PRODUCT_CATALOG_SALES,15020,481,1188.18,10514,3.29,"[{""action_type"":""purchase"",""value"":""19.81""},{""action_type"":""link_click"",""value"":""481""}]",2024-03-16T07:00:00Z,false
2024-03-17,2024-03-17,221001,TOF - Awareness,221001a,Broad Audience,BRAND_AWARENESS,2405,99,191.37,1683,2.05,"[{""action_type"":""purchase"",""value"":""4.09""},{""action_type"":""link_click"",""value"":""99""}]",2024-03-17T07:00:00Z,false
2024-03-17,2024-03-17,221002,MOF - Traffic,221002a,Lookalike 2%,LINK_CLICKS,15580,249,448.99,10906,3.41,"[{""action_type"":""purchase"",""value"":""11.2""},{""action_type"":""link_click"",""value"":""249""}]",2024-03-17T07:00:00Z,false
2024-03-17,2024-03-17,221003,BOF - Conversions,221003a,Retargeting 30d,CONVERSIONS,5283,248,444.95,3698,1.72,"[{""action_type"":""purchase"",""value"":""3.98""},{""action_type"":""link_click"",""value"":""248""}]",2024-03-17T07:00:00Z,false
2024-03-17,2024-03-17,221004,BOF - Catalogue,221004a,DPA All Products,PRODUCT_CATALOG_SALES,19551,883,2224.41,13685,2.64,"[{""action_type"":""purchase"",""value"":""22.82""},{""action_type"":""link_click"",""value"":""883""}]",2024-03-17T07:00:00Z,false
2024-03-18,2024-03-18,221001,TOF - Awareness,221001a,Broad Audience,BRAND_AWARENESS,17500,201,227.82,12250,2.52,"[{""action_type"":""purchase"",""value"":""3.74""},{""action_type"":""link_click"",""value"":""201""}]",2024-03-18T07:00:00Z,false
2024-03-18,2024-03-18,221002,MOF - Traffic,221002a,Lookalike 2%,LINK_CLICKS,15163,175,445.55,10614,1.59,"[{""action_type"":""purchase"",""value"":""5.23""},{""action_type"":""link_click"",""value"":""175""}]",2024-03-18T07:00:00Z,false
2024-03-18,2024-03-18,221003,BOF - Conversions,221003a,Retargeting 30d,CONVERSIONS,17571,822,2106.93,12299,3.04,"[{""action_type"":""purchase"",""value"":""9.22""},{""action_type"":""link_click"",""value"":""822""}]",2024-03-18T07:00:00Z,false
2024-03-18,2024-03-18,221004,BOF - Catalogue,221004a,DPA All Products,PRODUCT_CATALOG_SALES,11930,267,651.09,8351,2.71,"[{""action_type"":""purchase"",""value"":""16.42""},{""action_type"":""link_click"",""value"":""267""}]",2024-03-18T07:00:00Z,false
2024-03-19,2024-03-19,221001,TOF - Awareness,221001a,Broad Audience,BRAND_AWARENESS,9469,145,397.4,6628,3.06,"[{""action_type"":""purchase"",""value"":""5.31""},{""action_type"":""link_click"",""value"":""145""}]",2024-03-19T07:00:00Z,false
2024-03-19,2024-03-19,221002,MOF - Traffic,221002a,Lookalike 2%,LINK_CLICKS,10828,423,800.08,7579,2.1,"[{""action_type"":""purchase"",""value"":""6.5""},{""action_type"":""link_click"",""value"":""423""}]",2024-03-19T07:00:00Z,false
2024-03-19,2024-03-19,221003,BOF - Conversions,221003a,Retargeting 30d,CONVERSIONS,15342,608,1366.08,10739,3.05,"[{""action_type"":""purchase"",""value"":""37.72""},{""action_type"":""link_click"",""value"":""608""}]",2024-03-19T07:00:00Z,false
2024-03-19,2024-03-19,221004,BOF - Catalogue,221004a,DPA All Products,PRODUCT_CATALOG_SALES,18884,786,511.62,13218,2.01,"[{""action_type"":""purchase"",""value"":""41.32""},{""action_type"":""link_click"",""value"":""786""}]",2024-03-19T07:00:00Z,false
2024-03-20,2024-03-20,221001,TOF - Awareness,221001a,Broad Audience,BRAND_AWARENESS,19179,866,490.66,13425,3.08,"[{""action_type"":""purchase"",""value"":""18.68""},{""action_type"":""link_click"",""value"":""866""}]",2024-03-20T07:00:00Z,false
2024-03-20,2024-03-20,221002,MOF - Traffic,221002a,Lookalike 2%,LINK_CLICKS,3888,77,119.34,2721,2.76,"[{""action_type"":""purchase"",""value"":""5.01""},{""action_type"":""link_click"",""value"":""77""}]",2024-03-20T07:00:00Z,false
2024-03-20,2024-03-20,221003,BOF - Conversions,221003a,Retargeting 30d,CONVERSIONS,10977,271,424.85,7683,3.31,"[{""action_type"":""purchase"",""value"":""9.16""},{""action_type"":""link_click"",""value"":""271""}]",2024-03-20T07:00:00Z,false
2024-03-20,2024-03-20,221004,BOF - Catalogue,221004a,DPA All Products,PRODUCT_CATALOG_SALES,3001,59,95.83,2100,3.4,"[{""action_type"":""purchase"",""value"":""2.17""},{""action_type"":""link_click"",""value"":""59""}]",2024-03-20T07:00:00Z,false
2024-03-21,2024-03-21,221001,TOF - Awareness,221001a,Broad Audience,BRAND_AWARENESS,17551,587,765.71,12285,3.24,"[{""action_type"":""purchase"",""value"":""11.63""},{""action_type"":""link_click"",""value"":""587""}]",2024-03-21T07:00:00Z,false
2024-03-21,2024-03-21,221002,MOF - Traffic,221002a,Lookalike 2%,LINK_CLICKS,4961,106,147.24,3472,2.43,"[{""action_type"":""purchase"",""value"":""2.1""},{""action_type"":""link_click"",""value"":""106""}]",2024-03-21T07:00:00Z,false
2024-03-21,2024-03-21,221003,BOF - Conversions,221003a,Retargeting 30d,CONVERSIONS,9022,399,793.6,6315,1.67,"[{""action_type"":""purchase"",""value"":""20.21""},{""action_type"":""link_click"",""value"":""399""}]",2024-03-21T07:00:00Z,false
2024-03-21,2024-03-21,221004,BOF - Catalogue,221004a,DPA All Products,PRODUCT_CATALOG_SALES,15418,470,1169.66,10792,2.71,"[{""action_type"":""purchase"",""value"":""31.97""},{""action_type"":""link_click"",""value"":""470""}]",2024-03-21T07:00:00Z,false
2024-03-22,2024-03-22,221001,TOF - Awareness,221001a,Broad Audience,BRAND_AWARENESS,17535,814,1619.01,12274,1.02,"[{""action_type"":""purchase"",""value"":""37.5""},{""action_type"":""link_click"",""value"":""814""}]",2024-03-22T07:00:00Z,false
2024-03-22,2024-03-22,221002,MOF - Traffic,221002a,Lookalike 2%,LINK_CLICKS,10270,352,939.46,7188,2.77,"[{""action_type"":""purchase"",""value"":""18.57""},{""action_type"":""link_click"",""value"":""352""}]",2024-03-22T07:00:00Z,false
2024-03-22,2024-03-22,221003,BOF - Conversions,221003a,Retargeting 30d,CONVERSIONS,11023,297,405.67,7716,1.63,"[{""action_type"":""purchase"",""value"":""9.18""},{""action_type"":""link_click"",""value"":""297""}]",2024-03-22T07:00:00Z,false
2024-03-22,2024-03-22,221004,BOF - Catalogue,221004a,DPA All Products,PRODUCT_CATALOG_SALES,17292,381,646.73,12104,2.46,"[{""action_type"":""purchase"",""value"":""18.07""},{""action_type"":""link_click"",""value"":""381""}]",2024-03-22T07:00:00Z,false
2024-03-23,2024-03-23,221001,TOF - Awareness,221001a,Broad Audience,BRAND_AWARENESS,2240,68,137.59,1568,1.94,"[{""action_type"":""purchase"",""value"":""4.12""},{""action_type"":""link_click"",""value"":""68""}]",2024-03-23T07:00:00Z,false
2024-03-23,2024-03-23,221002,MOF - Traffic,221002a,Lookalike 2%,LINK_CLICKS,11262,247,184.91,7883,3.47,"[{""action_type"":""purchase"",""value"":""3.42""},{""action_type"":""link_click"",""value"":""247""}]",2024-03-23T07:00:00Z,false
2024-03-23,2024-03-23,221003,BOF - Conversions,221003a,Retargeting 30d,CONVERSIONS,12654,562,618.56,8857,3.23,"[{""action_type"":""purchase"",""value"":""29.6""},{""action_type"":""link_click"",""value"":""562""}]",2024-03-23T07:00:00Z,false
2024-03-23,2024-03-23,221004,BOF - Catalogue,221004a,DPA All Products,PRODUCT_CATALOG_SALES,11790,206,348.09,8253,1.14,"[{""action_type"":""purchase"",""value"":""5.03""},{""action_type"":""link_click"",""value"":""206""}]",2024-03-23T07:00:00Z,false
2024-03-24,2024-03-24,221001,TOF - Awareness,221001a,Broad Audience,BRAND_AWARENESS,15241,555,1146.48,10668,2.64,"[{""action_type"":""purchase"",""value"":""29.57""},{""action_type"":""link_click"",""value"":""555""}]",2024-03-24T07:00:00Z,false
2024-03-24,2024-03-24,221002,MOF - Traffic,221002a,Lookalike 2%,LINK_CLICKS,11686,238,348.12,8180,1.09,"[{""action_type"":""purchase"",""value"":""7.92""},{""action_type"":""link_click"",""value"":""238""}]",2024-03-24T07:00:00Z,false
2024-03-24,2024-03-24,221003,BOF - Conversions,221003a,Retargeting 30d,CONVERSIONS,8223,195,417.45,5756,2.6,"[{""action_type"":""purchase"",""value"":""9.98""},{""action_type"":""link_click"",""value"":""195""}]",2024-03-24T07:00:00Z,false
2024-03-24,2024-03-24,221004,BOF - Catalogue,221004a,DPA All Products,PRODUCT_CATALOG_SALES,17588,813,1662.83,12311,3.11,"[{""action_type"":""purchase"",""value"":""32.88""},{""action_type"":""link_click"",""value"":""813""}]",2024-03-24T07:00:00Z,false
2024-03-25,2024-03-25,221001,TOF - Awareness,221001a,Broad Audience,BRAND_AWARENESS,7935,172,272.24,5554,2.81,"[{""action_type"":""purchase"",""value"":""9.37""},{""action_type"":""link_click"",""value"":""172""}]",2024-03-25T07:00:00Z,false
2024-03-25,2024-03-25,221002,MOF - Traffic,221002a,Lookalike 2%,LINK_CLICKS,7998,382,981.38,5598,1.56,"[{""action_type"":""purchase"",""value"":""18.82""},{""action_type"":""link_click"",""value"":""382""}]",2024-03-25T07:00:00Z,false
2024-03-25,2024-03-25,221003,BOF - Conversions,221003a,Retargeting 30d,CONVERSIONS,9318,370,446.33,6522,1.83,"[{""action_type"":""purchase"",""value"":""21.2""},{""action_type"":""link_click"",""value"":""370""}]",2024-03-25T07:00:00Z,false
2024-03-25,2024-03-25,221004,BOF - Catalogue,221004a,DPA All Products,PRODUCT_CATALOG_SALES,10538,352,551.46,7376,1.13,"[{""action_type"":""purchase"",""value"":""6.01""},{""action_type"":""link_click"",""value"":""352""}]",2024-03-25T07:00:00Z,false
2024-03-26,2024-03-26,221001,TOF - Awareness,221001a,Broad Audience,BRAND_AWARENESS,4333,125,118.43,3033,2.7,"[{""action_type"":""purchase"",""value"":""2.15""},{""action_type"":""link_click"",""value"":""125""}]",2024-03-26T07:00:00Z,false
2024-03-26,2024-03-26,221002,MOF - Traffic,221002a,Lookalike 2%,LINK_CLICKS,19361,424,264.72,13552,1.34,"[{""action_type"":""purchase"",""value"":""25.97""},{""action_type"":""link_click"",""value"":""424""}]",2024-03-26T07:00:00Z,false
2024-03-26,2024-03-26,221003,BOF - Conversions,221003a,Retargeting 30d,CONVERSIONS,8563,203,562.42,5994,3.47,"[{""action_type"":""purchase"",""value"":""12.9""},{""action_type"":""link_click"",""value"":""203""}]",2024-03-26T07:00:00Z,false
2024-03-26,2024-03-26,221004,BOF - Catalogue,221004a,DPA All Products,PRODUCT_CATALOG_SALES,6693,151,324.05,4685,2.22,"[{""action_type"":""purchase"",""value"":""8.57""},{""action_type"":""link_click"",""value"":""151""}]",2024-03-26T07:00:00Z,false
2024-03-27,2024-03-27,221001,TOF - Awareness,221001a,Broad Audience,BRAND_AWARENESS,7794,175,110.85,5455,1.52,"[{""action_type"":""purchase"",""value"":""6.5""},{""action_type"":""link_click"",""value"":""175""}]",2024-03-27T07:00:00Z,false
2024-03-27,2024-03-27,221002,MOF - Traffic,221002a,Lookalike 2%,LINK_CLICKS,7524,248,214.37,5266,2.95,"[{""action_type"":""purchase"",""value"":""14.16""},{""action_type"":""link_click"",""value"":""248""}]",2024-03-27T07:00:00Z,false
2024-03-27,2024-03-27,221003,BOF - Conversions,221003a,Retargeting 30d,CONVERSIONS,6240,215,420.76,4368,3.41,"[{""action_type"":""purchase"",""value"":""7.35""},{""action_type"":""link_click"",""value"":""215""}]",2024-03-27T07:00:00Z,false
2024-03-27,2024-03-27,221004,BOF - Catalogue,221004a,DPA All Products,PRODUCT_CATALOG_SALES,14560,148,255.7,10192,3.38,"[{""action_type"":""purchase"",""value"":""7.97""},{""action_type"":""link_click"",""value"":""148""}]",2024-03-27T07:00:00Z,false
2024-03-28,2024-03-28,221001,TOF - Awareness,221001a,Broad Audience,BRAND_AWARENESS,12558,505,869.3,8790,1.01,"[{""action_type"":""purchase"",""value"":""5.59""},{""action_type"":""link_click"",""value"":""505""}]",2024-03-28T07:00:00Z,false
2024-03-28,2024-03-28,221002,MOF - Traffic,221002a,Lookalike 2%,LINK_CLICKS,10153,193,485.79,7107,1.26,"[{""action_type"":""purchase"",""value"":""5.54""},{""action_type"":""link_click"",""value"":""193""}]",2024-03-28T07:00:00Z,false
2024-03-28,2024-03-28,221003,BOF - Conversions,221003a,Retargeting 30d,CONVERSIONS,18493,620,548.17,12945,1.75,"[{""action_type"":""purchase"",""value"":""36.85""},{""action_type"":""link_click"",""value"":""620""}]",2024-03-28T07:00:00Z,false
2024-03-28,2024-03-28,221004,BOF - Catalogue,221004a,DPA All Products,PRODUCT_CATALOG_SALES,11529,325,551.42,8070,2.08,"[{""action_type"":""purchase"",""value"":""13.47""},{""action_type"":""link_click"",""value"":""325""}]",2024-03-28T07:00:00Z,false
2024-03-29,2024-03-29,221001,TOF - Awareness,221001a,Broad Audience,BRAND_AWARENESS,6384,151,388.55,4468,1.47,"[{""action_type"":""purchase"",""value"":""4.76""},{""action_type"":""link_click"",""value"":""151""}]",2024-03-29T07:00:00Z,false
2024-03-29,2024-03-29,221002,MOF - Traffic,221002a,Lookalike 2%,LINK_CLICKS,15218,163,165.6,10652,1.53,"[{""action_type"":""purchase"",""value"":""11.26""},{""action_type"":""link_click"",""value"":""163""}]",2024-03-29T07:00:00Z,false
2024-03-29,2024-03-29,221003,BOF - Conversions,221003a,Retargeting 30d,CONVERSIONS,2718,91,80.87,1902,2.63,"[{""action_type"":""purchase"",""value"":""2.91""},{""action_type"":""link_click"",""value"":""91""}]",2024-03-29T07:00:00Z,false
2024-03-29,2024-03-29,221004,BOF - Catalogue,221004a,DPA All Products,PRODUCT_CATALOG_SALES,3224,80,157.82,2256,2.56,"[{""action_type"":""purchase"",""value"":""4.5""},{""action_type"":""link_click"",""value"":""80""}]",2024-03-29T07:00:00Z,false
2024-03-30,2024-03-30,221001,TOF - Awareness,221001a,Broad Audience,BRAND_AWARENESS,3571,130,260.42,2499,2.72,"[{""action_type"":""purchase"",""value"":""1.45""},{""action_type"":""link_click"",""value"":""130""}]",2024-03-30T07:00:00Z,false
2024-03-30,2024-03-30,221002,MOF - Traffic,221002a,Lookalike 2%,LINK_CLICKS,15656,434,340.37,10959,2.75,"[{""action_type"":""purchase"",""value"":""10.92""},{""action_type"":""link_click"",""value"":""434""}]",2024-03-30T07:00:00Z,false
2024-03-30,2024-03-30,221003,BOF - Conversions,221003a,Retargeting 30d,CONVERSIONS,8733,330,643.41,6113,2.65,"[{""action_type"":""purchase"",""value"":""9.26""},{""action_type"":""link_click"",""value"":""330""}]",2024-03-30T07:00:00Z,false
2024-03-30,2024-03-30,221004,BOF - Catalogue,221004a,DPA All Products,PRODUCT_CATALOG_SALES,19049,396,749.61,13334,3.08,"[{""action_type"":""purchase"",""value"":""7.22""},{""action_type"":""link_click"",""value"":""396""}]",2024-03-30T07:00:00Z,false
