date,campaign_id,campaign_name,ad_group_id,ad_group_name,impressions,clicks,cost_micros,conversions,view_through_conversions,_fivetran_synced,_fivetran_deleted
2024-01-01,111001,Brand - Search,ag_111001a,Brand Keywords,11276,300,840655904,6.67,4,2024-01-01T06:00:00Z,false
2024-01-01,111002,Competitor - Search,ag_111002a,Competitor Terms,2479,150,481332724,2.15,13,2024-01-01T06:00:00Z,false
2024-01-01,111003,Product - Search,ag_111003a,Product Keywords,1320,28,38929030,0.99,0,2024-01-01T06:00:00Z,false
2024-01-01,111004,Remarketing - Display,ag_111004a,All Visitors,9995,319,814945466,11.88,7,2024-01-01T06:00:00Z,false
2024-01-02,111001,Brand - Search,ag_111001a,Brand Keywords,8159,451,1346443467,4.66,5,2024-01-02T06:00:00Z,false
2024-01-02,111002,Competitor - Search,ag_111002a,Competitor Terms,7724,312,380575930,18.05,10,2024-01-02T06:00:00Z,false
2024-01-02,111003,Product - Search,ag_111003a,Product Keywords,2474,63,66851455,3.3,19,2024-01-02T06:00:00Z,false
2024-01-02,111004,Remarketing - Display,ag_111004a,All Visitors,5133,351,972366814,12.92,12,2024-01-02T06:00:00Z,false
2024-01-03,111001,Brand - Search,ag_111001a,Brand Keywords,2091,111,337372577,4.54,11,2024-01-03T06:00:00Z,false
2024-01-03,111002,Competitor - Search,ag_111002a,Competitor Terms,10259,323,319059045,13.91,9,2024-01-03T06:00:00Z,false
2024-01-03,111003,Product - Search,ag_111003a,Product Keywords,2107,150,470925885,4.35,14,2024-01-03T06:00:00Z,false
2024-01-03,111004,Remarketing - Display,ag_111004a,All Visitors,11215,785,972745358,21.79,8,2024-01-03T06:00:00Z,false
2024-01-04,111001,Brand - Search,ag_111001a,Brand Keywords,11999,706,1725925523,13.1,7,2024-01-04T06:00:00Z,false
2024-01-04,111002,Competitor - Search,ag_111002a,Competitor Terms,3477,165,252261756,9.28,17,2024-01-04T06:00:00Z,false
2024-01-04,111003,Product - Search,ag_111003a,Product Keywords,4398,268,824287649,13.08,7,2024-01-04T06:00:00Z,false
2024-01-04,111004,Remarketing - Display,ag_111004a,All Visitors,1325,90,169483043,1.2,18,2024-01-04T06:00:00Z,false
2024-01-05,111001,Brand - Search,ag_111001a,Brand Keywords,5955,195,418845258,10.58,20,2024-01-05T06:00:00Z,false
2024-01-05,111002,Competitor - Search,ag_111002a,Competitor Terms,8317,237,278949441,11.2,17,2024-01-05T06:00:00Z,false
2024-01-05,111003,Product - Search,ag_111003a,Product Keywords,5104,330,645734540,12.93,11,2024-01-05T06:00:00Z,false
2024-01-05,111004,Remarketing - Display,ag_111004a,All Visitors,4393,350,410723498,12.14,1,2024-01-05T06:00:00Z,false
2024-01-06,111001,Brand - Search,ag_111001a,Brand Keywords,2596,75,92396355,3.3,19,2024-01-06T06:00:00Z,false
2024-01-06,111002,Competitor - Search,ag_111002a,Competitor Terms,1840,79,190303001,2.64,8,2024-01-06T06:00:00Z,false
2024-01-06,111003,Product - Search,ag_111003a,Product Keywords,9864,706,586685124,32.5,17,2024-01-06T06:00:00Z,false
2024-01-06,111004,Remarketing - Display,ag_111004a,All Visitors,5171,341,585999558,8.41,5,2024-01-06T06:00:00Z,false
2024-01-07,111001,Brand - Search,ag_111001a,Brand Keywords,8233,166,456441661,7.63,16,2024-01-07T06:00:00Z,false
2024-01-07,111002,Competitor - Search,ag_111002a,Competitor Terms,3727,188,204414133,7.76,20,2024-01-07T06:00:00Z,false
2024-01-07,111003,Product - Search,ag_111003a,Product Keywords,9117,515,624523002,24.78,17,2024-01-07T06:00:00Z,false
2024-01-07,111004,Remarketing - Display,ag_111004a,All Visitors,9489,712,1721011069,24.51,3,2024-01-07T06:00:00Z,false
2024-01-08,111001,Brand - Search,ag_111001a,Brand Keywords,6747,490,1492293495,12.43,1,2024-01-08T06:00:00Z,false
2024-01-08,111002,Competitor - Search,ag_111002a,Competitor Terms,4746,344,1154726644,4.91,15,2024-01-08T06:00:00Z,false
2024-01-08,111003,Product - Search,ag_111003a,Product Keywords,1933,152,340222611,2.48,15,2024-01-08T06:00:00Z,false
2024-01-08,111004,Remarketing - Display,ag_111004a,All Visitors,9807,293,651842733,11.82,6,2024-01-08T06:00:00Z,false
2024-01-09,111001,Brand - Search,ag_111001a,Brand Keywords,9635,629,1674802199,28.71,12,2024-01-09T06:00:00Z,false
2024-01-09,111002,Competitor - Search,ag_111002a,Competitor Terms,11804,696,1380077677,24.97,3,2024-01-09T06:00:00Z,false
2024-01-09,111003,Product - Search,ag_111003a,Product Keywords,4861,162,277478624,6.39,7,2024-01-09T06:00:00Z,false
2024-01-09,111004,Remarketing - Display,ag_111004a,All Visitors,10441,346,343121740,14.38,7,2024-01-09T06:00:00Z,false
2024-01-10,111001,Brand - Search,ag_111001a,Brand Keywords,1904,141,440063196,1.91,7,2024-01-10T06:00:00Z,false
2024-01-10,111002,Competitor - Search,ag_111002a,Competitor Terms,5362,322,443857480,5.35,18,2024-01-10T06:00:00Z,false
2024-01-10,111003,Product - Search,ag_111003a,Product Keywords,10240,495,1444643860,24.94,6,2024-01-10T06:00:00Z,false
2024-01-10,111004,Remarketing - Display,ag_111004a,All Visitors,2345,60,117830291,1.87,14,2024-01-10T06:00:00Z,false
2024-01-11,111001,Brand - Search,ag_111001a,Brand Keywords,1687,101,349181853,1.51,12,2024-01-11T06:00:00Z,false
2024-01-11,111002,Competitor - Search,ag_111002a,Competitor Terms,6359,432,473051399,8.46,17,2024-01-11T06:00:00Z,false
2024-01-11,111003,Product - Search,ag_111003a,Product Keywords,8150,231,299241487,7.65,2,2024-01-11T06:00:00Z,false
2024-01-11,111004,Remarketing - Display,ag_111004a,All Visitors,8060,551,1714221945,8.21,20,2024-01-11T06:00:00Z,false
2024-01-12,111001,Brand - Search,ag_111001a,Brand Keywords,9656,677,2312828258,38.13,7,2024-01-12T06:00:00Z,false
2024-01-12,111002,Competitor - Search,ag_111002a,Competitor Terms,3524,156,327548165,8.3,1,2024-01-12T06:00:00Z,false
2024-01-12,111003,Product - Search,ag_111003a,Product Keywords,3497,149,515589747,3.47,14,2024-01-12T06:00:00Z,false
2024-01-12,111004,Remarketing - Display,ag_111004a,All Visitors,5473,248,839419892,14.82,17,2024-01-12T06:00:00Z,false
2024-01-13,111001,Brand - Search,ag_111001a,Brand Keywords,11644,734,893976348,18.23,1,2024-01-13T06:00:00Z,false
2024-01-13,111002,Competitor - Search,ag_111002a,Competitor Terms,10289,659,635661806,16.92,1,2024-01-13T06:00:00Z,false
2024-01-13,111003,Product - Search,ag_111003a,Product Keywords,10371,504,1654302007,18.42,1,2024-01-13T06:00:00Z,false
2024-01-13,111004,Remarketing - Display,ag_111004a,All Visitors,9120,226,294190391,8.98,7,2024-01-13T06:00:00Z,false
2024-01-14,111001,Brand - Search,ag_111001a,Brand Keywords,7415,201,643958925,4.48,19,2024-01-14T06:00:00Z,false
2024-01-14,111002,Competitor - Search,ag_111002a,Competitor Terms,1451,82,158416396,3.21,16,2024-01-14T06:00:00Z,false
2024-01-14,111003,Product - Search,ag_111003a,Product Keywords,5983,455,614932426,20.84,7,2024-01-14T06:00:00Z,false
2024-01-14,111004,Remarketing - Display,ag_111004a,All Visitors,5151,225,588051810,5.62,10,2024-01-14T06:00:00Z,false
2024-01-15,111001,Brand - Search,ag_111001a,Brand Keywords,1988,40,99085199,1.53,3,2024-01-15T06:00:00Z,false
2024-01-15,111002,Competitor - Search,ag_111002a,Competitor Terms,2000,104,225252422,1.73,11,2024-01-15T06:00:00Z,false
2024-01-15,111003,Product - Search,ag_111003a,Product Keywords,1927,140,251681239,2.5,17,2024-01-15T06:00:00Z,false
2024-01-15,111004,Remarketing - Display,ag_111004a,All Visitors,5756,326,1129762542,13.92,0,2024-01-15T06:00:00Z,false
2024-01-16,111001,Brand - Search,ag_111001a,Brand Keywords,11742,810,1302741331,34.97,4,2024-01-16T06:00:00Z,false
2024-01-16,111002,Competitor - Search,ag_111002a,Competitor Terms,5133,138,150281605,5.2,8,2024-01-16T06:00:00Z,false
2024-01-16,111003,Product - Search,ag_111003a,Product Keywords,5416,304,832216083,6.13,20,2024-01-16T06:00:00Z,false
2024-01-16,111004,Remarketing - Display,ag_111004a,All Visitors,5125,257,379853036,14.24,1,2024-01-16T06:00:00Z,false
2024-01-17,111001,Brand - Search,ag_111001a,Brand Keywords,2312,134,407258138,1.64,10,2024-01-17T06:00:00Z,false
2024-01-17,111002,Competitor - Search,ag_111002a,Competitor Terms,2943,171,257744744,8.05,17,2024-01-17T06:00:00Z,false
2024-01-17,111003,Product - Search,ag_111003a,Product Keywords,7807,418,460660861,23.93,4,2024-01-17T06:00:00Z,false
2024-01-17,111004,Remarketing - Display,ag_111004a,All Visitors,9738,215,386329879,8.09,13,2024-01-17T06:00:00Z,false
2024-01-18,111001,Brand - Search,ag_111001a,Brand Keywords,2888,65,115996340,3.68,1,2024-01-18T06:00:00Z,false
2024-01-18,111002,Competitor - Search,ag_111002a,Competitor Terms,6662,217,319799474,3.29,17,2024-01-18T06:00:00Z,false
2024-01-18,111003,Product - Search,ag_111003a,Product Keywords,7458,584,1648976297,32.87,7,2024-01-18T06:00:00Z,false
2024-01-18,111004,Remarketing - Display,ag_111004a,All Visitors,3462,272,813030751,14.71,0,2024-01-18T06:00:00Z,false
2024-01-19,111001,Brand - Search,ag_111001a,Brand Keywords,3738,239,405559282,13.51,7,2024-01-19T06:00:00Z,false
2024-01-19,111002,Competitor - Search,ag_111002a,Competitor Terms,5171,152,409404568,4.43,1,2024-01-19T06:00:00Z,false
2024-01-19,111003,Product - Search,ag_111003a,Product Keywords,8511,283,850353825,9.34,9,2024-01-19T06:00:00Z,false
2024-01-19,111004,Remarketing - Display,ag_111004a,All Visitors,4528,151,389895528,4.52,8,2024-01-19T06:00:00Z,false
2024-01-20,111001,Brand - Search,ag_111001a,Brand Keywords,1937,151,234599259,6.35,12,2024-01-20T06:00:00Z,false
2024-01-20,111002,Competitor - Search,ag_111002a,Competitor Terms,11933,941,2115163311,53.6,3,2024-01-20T06:00:00Z,false
2024-01-20,111003,Product - Search,ag_111003a,Product Keywords,5079,155,526820611,3.61,3,2024-01-20T06:00:00Z,false
2024-01-20,111004,Remarketing - Display,ag_111004a,All Visitors,10574,487,1347563900,12.51,19,2024-01-20T06:00:00Z,false
2024-01-21,111001,Brand - Search,ag_111001a,Brand Keywords,9179,247,797479706,4.82,1,2024-01-21T06:00:00Z,false
2024-01-21,111002,Competitor - Search,ag_111002a,Competitor Terms,7944,159,524549418,5.87,6,2024-01-21T06:00:00Z,false
2024-01-21,111003,Product - Search,ag_111003a,Product Keywords,6767,310,1042207944,17.37,19,2024-01-21T06:00:00Z,false
2024-01-21,111004,Remarketing - Display,ag_111004a,All Visitors,5943,355,403453365,19.53,16,2024-01-21T06:00:00Z,false
2024-01-22,111001,Brand - Search,ag_111001a,Brand Keywords,5867,352,591604232,15.79,17,2024-01-22T06:00:00Z,false
2024-01-22,111002,Competitor - Search,ag_111002a,Competitor Terms,2885,90,233577852,2.61,5,2024-01-22T06:00:00Z,false
2024-01-22,111003,Product - Search,ag_111003a,Product Keywords,10884,589,1116981340,30.44,9,2024-01-22T06:00:00Z,false
2024-01-22,111004,Remarketing - Display,ag_111004a,All Visitors,5500,179,522957241,7.22,10,2024-01-22T06:00:00Z,false
2024-01-23,111001,Brand - Search,ag_111001a,Brand Keywords,8418,391,1026059670,13.9,5,2024-01-23T06:00:00Z,false
2024-01-23,111002,Competitor - Search,ag_111002a,Competitor Terms,11594,290,635598923,12.08,10,2024-01-23T06:00:00Z,false
2024-01-23,111003,Product - Search,ag_111003a,Product Keywords,2330,161,455319748,7.03,7,2024-01-23T06:00:00Z,false
2024-01-23,111004,Remarketing - Display,ag_111004a,All Visitors,4062,117,108198913,6.93,19,2024-01-23T06:00:00Z,false
2024-01-24,111001,Brand - Search,ag_111001a,Brand Keywords,1993,94,300101547,3.65,12,2024-01-24T06:00:00Z,false
2024-01-24,111002,Competitor - Search,ag_111002a,Competitor Terms,8899,391,468591069,17.35,3,2024-01-24T06:00:00Z,false
2024-01-24,111003,Product - Search,ag_111003a,Product Keywords,7765,257,763571829,11.51,14,2024-01-24T06:00:00Z,false
2024-01-24,111004,Remarketing - Display,ag_111004a,All Visitors,1622,86,281836537,1.38,4,2024-01-24T06:00:00Z,false
2024-01-25,111001,Brand - Search,ag_111001a,Brand Keywords,8412,505,1750991359,20.09,14,2024-01-25T06:00:00Z,false
2024-01-25,111002,Competitor - Search,ag_111002a,Competitor Terms,10837,746,2393507280,23.38,17,2024-01-25T06:00:00Z,false
2024-01-25,111003,Product - Search,ag_111003a,Product Keywords,8105,598,1679106076,20.17,8,2024-01-25T06:00:00Z,false
2024-01-25,111004,Remarketing - Display,ag_111004a,All Visitors,4850,341,528120562,16.67,15,2024-01-25T06:00:00Z,false
2024-01-26,111001,Brand - Search,ag_111001a,Brand Keywords,11068,380,755309280,17.36,7,2024-01-26T06:00:00Z,false
2024-01-26,111002,Competitor - Search,ag_111002a,Competitor Terms,5251,210,674346214,2.95,4,2024-01-26T06:00:00Z,false
2024-01-26,111003,Product - Search,ag_111003a,Product Keywords,4588,197,238877121,4.08,13,2024-01-26T06:00:00Z,false
2024-01-26,111004,Remarketing - Display,ag_111004a,All Visitors,7478,298,613282694,3.91,13,2024-01-26T06:00:00Z,false
2024-01-27,111001,Brand - Search,ag_111001a,Brand Keywords,7181,533,1266948684,23.87,18,2024-01-27T06:00:00Z,false
2024-01-27,111002,Competitor - Search,ag_111002a,Competitor Terms,7032,341,1140782243,8.5,12,2024-01-27T06:00:00Z,false
2024-01-27,111003,Product - Search,ag_111003a,Product Keywords,7665,400,1113404785,20.0,7,2024-01-27T06:00:00Z,false
2024-01-27,111004,Remarketing - Display,ag_111004a,All Visitors,8799,291,575236326,3.33,10,2024-01-27T06:00:00Z,false
2024-01-28,111001,Brand - Search,ag_111001a,Brand Keywords,11758,714,1350641674,13.03,14,2024-01-28T06:00:00Z,false
2024-01-28,111002,Competitor - Search,ag_111002a,Competitor Terms,2891,227,508964372,12.56,18,2024-01-28T06:00:00Z,false
2024-01-28,111003,Product - Search,ag_111003a,Product Keywords,10046,600,615994888,18.86,14,2024-01-28T06:00:00Z,false
2024-01-28,111004,Remarketing - Display,ag_111004a,All Visitors,3777,86,156827917,1.77,10,2024-01-28T06:00:00Z,false
2024-01-29,111001,Brand - Search,ag_111001a,Brand Keywords,6329,415,756810924,19.75,13,2024-01-29T06:00:00Z,false
2024-01-29,111002,Competitor - Search,ag_111002a,Competitor Terms,4933,345,714090817,16.37,1,2024-01-29T06:00:00Z,false
2024-01-29,111003,Product - Search,ag_111003a,Product Keywords,6533,218,214788772,12.61,1,2024-01-29T06:00:00Z,false
2024-01-29,111004,Remarketing - Display,ag_111004a,All Visitors,1308,100,133827384,1.1,4,2024-01-29T06:00:00Z,false
2024-01-30,111001,Brand - Search,ag_111001a,Brand Keywords,4708,129,336372515,4.93,6,2024-01-30T06:00:00Z,false
2024-01-30,111002,Competitor - Search,ag_111002a,Competitor Terms,8419,521,1495595554,9.58,19,2024-01-30T06:00:00Z,false
2024-01-30,111003,Product - Search,ag_111003a,Product Keywords,2676,178,221105848,4.55,18,2024-01-30T06:00:00Z,false
2024-01-30,111004,Remarketing - Display,ag_111004a,All Visitors,1220,92,216627907,5.1,12,2024-01-30T06:00:00Z,false
2024-01-31,111001,Brand - Search,ag_111001a,Brand Keywords,7298,558,745203642,22.1,20,2024-01-31T06:00:00Z,false
2024-01-31,111002,Competitor - Search,ag_111002a,Competitor Terms,4778,124,357826600,6.51,19,2024-01-31T06:00:00Z,false
2024-01-31,111003,Product - Search,ag_111003a,Product Keywords,2783,188,437667365,2.27,17,2024-01-31T06:00:00Z,false
2024-01-31,111004,Remarketing - Display,ag_111004a,All Visitors,7818,466,459561365,19.75,0,2024-01-31T06:00:00Z,false
2024-02-01,111001,Brand - Search,ag_111001a,Brand Keywords,7682,532,577196033,30.88,20,2024-02-01T06:00:00Z,false
2024-02-01,111002,Competitor - Search,ag_111002a,Competitor Terms,8332,520,1027423951,24.28,20,2024-02-01T06:00:00Z,false
2024-02-01,111003,Product - Search,ag_111003a,Product Keywords,5225,297,975041399,14.47,14,2024-02-01T06:00:00Z,false
2024-02-01,111004,Remarketing - Display,ag_111004a,All Visitors,7936,551,1322224490,14.39,7,2024-02-01T06:00:00Z,false
2024-02-02,111001,Brand - Search,ag_111001a,Brand Keywords,2219,81,163390397,3.85,18,2024-02-02T06:00:00Z,false
2024-02-02,111002,Competitor - Search,ag_111002a,Competitor Terms,10799,648,1106959526,22.5,10,2024-02-02T06:00:00Z,false
2024-02-02,111003,Product - Search,ag_111003a,Product Keywords,3779,186,326993098,4.26,8,2024-02-02T06:00:00Z,false
2024-02-02,111004,Remarketing - Display,ag_111004a,All Visitors,10567,655,1012580976,6.88,6,2024-02-02T06:00:00Z,false
2024-02-03,111001,Brand - Search,ag_111001a,Brand Keywords,2202,75,142301695,2.83,7,2024-02-03T06:00:00Z,false
2024-02-03,111002,Competitor - Search,ag_111002a,Competitor Terms,8600,505,1073234890,25.07,2,2024-02-03T06:00:00Z,false
2024-02-03,111003,Product - Search,ag_111003a,Product Keywords,5620,187,498883334,4.73,18,2024-02-03T06:00:00Z,false
2024-02-03,111004,Remarketing - Display,ag_111004a,All Visitors,6846,331,739284929,10.35,17,2024-02-03T06:00:00Z,false
2024-02-04,111001,Brand - Search,ag_111001a,Brand Keywords,6219,255,516403613,6.46,7,2024-02-04T06:00:00Z,false
2024-02-04,111002,Competitor - Search,ag_111002a,Competitor Terms,2776,175,289096403,8.25,5,2024-02-04T06:00:00Z,false
2024-02-04,111003,Product - Search,ag_111003a,Product Keywords,3938,129,271846367,5.96,16,2024-02-04T06:00:00Z,false
2024-02-04,111004,Remarketing - Display,ag_111004a,All Visitors,10577,391,418925412,7.7,7,2024-02-04T06:00:00Z,false
2024-02-05,111001,Brand - Search,ag_111001a,Brand Keywords,6712,206,172669321,7.56,8,2024-02-05T06:00:00Z,false
2024-02-05,111002,Competitor - Search,ag_111002a,Competitor Terms,1545,121,277582374,5.43,4,2024-02-05T06:00:00Z,false
2024-02-05,111003,Product - Search,ag_111003a,Product Keywords,11250,811,1723677077,43.5,18,2024-02-05T06:00:00Z,false
2024-02-05,111004,Remarketing - Display,ag_111004a,All Visitors,5458,262,521187627,5.04,1,2024-02-05T06:00:00Z,false
2024-02-06,111001,Brand - Search,ag_111001a,Brand Keywords,4936,377,787880539,19.27,12,2024-02-06T06:00:00Z,false
2024-02-06,111002,Competitor - Search,ag_111002a,Competitor Terms,8856,216,539892736,2.74,4,2024-02-06T06:00:00Z,false
2024-02-06,111003,Product - Search,ag_111003a,Product Keywords,10021,771,794121097,17.28,17,2024-02-06T06:00:00Z,false
2024-02-06,111004,Remarketing - Display,ag_111004a,All Visitors,7618,429,1259115103,9.13,16,2024-02-06T06:00:00Z,false
2024-02-07,111001,Brand - Search,ag_111001a,Brand Keywords,7032,330,658464414,17.49,13,2024-02-07T06:00:00Z,false
2024-02-07,111002,Competitor - Search,ag_111002a,Competitor Terms,5803,314,302263252,18.21,3,2024-02-07T06:00:00Z,false
2024-02-07,111003,Product - Search,ag_111003a,Product Keywords,4204,241,365005233,3.39,7,2024-02-07T06:00:00Z,false
2024-02-07,111004,Remarketing - Display,ag_111004a,All Visitors,3647,193,235969145,5.87,19,2024-02-07T06:00:00Z,false
2024-02-08,111001,Brand - Search,ag_111001a,Brand Keywords,8499,318,453145494,14.42,14,2024-02-08T06:00:00Z,false
2024-02-08,111002,Competitor - Search,ag_111002a,Competitor Terms,1966,120,395347178,5.93,20,2024-02-08T06:00:00Z,false
2024-02-08,111003,Product - Search,ag_111003a,Product Keywords,10463,624,2072244618,19.5,17,2024-02-08T06:00:00Z,false
2024-02-08,111004,Remarketing - Display,ag_111004a,All Visitors,4483,263,855462967,13.5,2,2024-02-08T06:00:00Z,false
2024-02-09,111001,Brand - Search,ag_111001a,Brand Keywords,1777,53,86419250,2.51,18,2024-02-09T06:00:00Z,false
2024-02-09,111002,Competitor - Search,ag_111002a,Competitor Terms,5528,256,528764037,6.45,12,2024-02-09T06:00:00Z,false
2024-02-09,111003,Product - Search,ag_111003a,Product Keywords,5260,263,561043985,3.69,1,2024-02-09T06:00:00Z,false
2024-02-09,111004,Remarketing - Display,ag_111004a,All Visitors,7878,504,1224733522,5.69,7,2024-02-09T06:00:00Z,false
2024-02-10,111001,Brand - Search,ag_111001a,Brand Keywords,11847,831,1955374241,47.82,8,2024-02-10T06:00:00Z,false
2024-02-10,111002,Competitor - Search,ag_111002a,Competitor Terms,10241,229,650801017,7.68,20,2024-02-10T06:00:00Z,false
2024-02-10,111003,Product - Search,ag_111003a,Product Keywords,8045,603,777882480,23.68,20,2024-02-10T06:00:00Z,false
2024-02-10,111004,Remarketing - Display,ag_111004a,All Visitors,8856,692,1431767421,21.05,10,2024-02-10T06:00:00Z,false
2024-02-11,111001,Brand - Search,ag_111001a,Brand Keywords,11779,309,381376174,9.45,15,2024-02-11T06:00:00Z,false
2024-02-11,111002,Competitor - Search,ag_111002a,Competitor Terms,5522,329,618921737,15.8,1,2024-02-11T06:00:00Z,false
2024-02-11,111003,Product - Search,ag_111003a,Product Keywords,8251,208,308147194,3.29,12,2024-02-11T06:00:00Z,false
2024-02-11,111004,Remarketing - Display,ag_111004a,All Visitors,9231,641,514792152,34.27,14,2024-02-11T06:00:00Z,false
2024-02-12,111001,Brand - Search,ag_111001a,Brand Keywords,7570,176,387162399,7.24,15,2024-02-12T06:00:00Z,false
2024-02-12,111002,Competitor - Search,ag_111002a,Competitor Terms,11046,513,481887469,11.98,4,2024-02-12T06:00:00Z,false
2024-02-12,111003,Product - Search,ag_111003a,Product Keywords,5519,255,684745145,4.1,20,2024-02-12T06:00:00Z,false
2024-02-12,111004,Remarketing - Display,ag_111004a,All Visitors,10775,732,1988414775,18.69,0,2024-02-12T06:00:00Z,false
2024-02-13,111001,Brand - Search,ag_111001a,Brand Keywords,9848,438,616130999,22.81,3,2024-02-13T06:00:00Z,false
2024-02-13,111002,Competitor - Search,ag_111002a,Competitor Terms,8360,642,1636339974,11.36,9,2024-02-13T06:00:00Z,false
2024-02-13,111003,Product - Search,ag_111003a,Product Keywords,9137,569,1093517813,19.42,15,2024-02-13T06:00:00Z,false
2024-02-13,111004,Remarketing - Display,ag_111004a,All Visitors,4793,227,270251062,4.43,19,2024-02-13T06:00:00Z,false
2024-02-14,111001,Brand - Search,ag_111001a,Brand Keywords,9127,591,690626365,7.97,13,2024-02-14T06:00:00Z,false
2024-02-14,111002,Competitor - Search,ag_111002a,Competitor Terms,6368,484,1050711594,24.7,9,2024-02-14T06:00:00Z,false
2024-02-14,111003,Product - Search,ag_111003a,Product Keywords,5691,399,943951461,17.16,4,2024-02-14T06:00:00Z,false
2024-02-14,111004,Remarketing - Display,ag_111004a,All Visitors,8116,424,734297888,15.94,17,2024-02-14T06:00:00Z,false
2024-02-15,111001,Brand - Search,ag_111001a,Brand Keywords,6980,330,550703619,6.41,7,2024-02-15T06:00:00Z,false
2024-02-15,111002,Competitor - Search,ag_111002a,Competitor Terms,10168,437,1359609710,13.35,10,2024-02-15T06:00:00Z,false
2024-02-15,111003,Product - Search,ag_111003a,Product Keywords,8549,532,1591107747,15.59,20,2024-02-15T06:00:00Z,false
2024-02-15,111004,Remarketing - Display,ag_111004a,All Visitors,3292,163,146692330,5.72,18,2024-02-15T06:00:00Z,false
2024-02-16,111001,Brand - Search,ag_111001a,Brand Keywords,6239,450,1422141304,14.41,16,2024-02-16T06:00:00Z,false
2024-02-16,111002,Competitor - Search,ag_111002a,Competitor Terms,8286,173,205734994,9.26,4,2024-02-16T06:00:00Z,false
2024-02-16,111003,Product - Search,ag_111003a,Product Keywords,2025,97,331434430,2.61,12,2024-02-16T06:00:00Z,false
2024-02-16,111004,Remarketing - Display,ag_111004a,All Visitors,11446,284,479144093,12.42,17,2024-02-16T06:00:00Z,false
2024-02-17,111001,Brand - Search,ag_111001a,Brand Keywords,7026,542,1350857918,29.47,15,2024-02-17T06:00:00Z,false
2024-02-17,111002,Competitor - Search,ag_111002a,Competitor Terms,9664,214,210733507,8.89,9,2024-02-17T06:00:00Z,false
2024-02-17,111003,Product - Search,ag_111003a,Product Keywords,4527,293,577714831,4.37,20,2024-02-17T06:00:00Z,false
2024-02-17,111004,Remarketing - Display,ag_111004a,All Visitors,2446,114,304813557,6.29,1,2024-02-17T06:00:00Z,false
2024-02-18,111001,Brand - Search,ag_111001a,Brand Keywords,6114,414,659126499,11.9,4,2024-02-18T06:00:00Z,false
2024-02-18,111002,Competitor - Search,ag_111002a,Competitor Terms,4800,248,577345430,12.31,5,2024-02-18T06:00:00Z,false
2024-02-18,111003,Product - Search,ag_111003a,Product Keywords,3668,90,283614022,3.69,7,2024-02-18T06:00:00Z,false
2024-02-18,111004,Remarketing - Display,ag_111004a,All Visitors,8953,669,793713537,22.12,8,2024-02-18T06:00:00Z,false
2024-02-19,111001,Brand - Search,ag_111001a,Brand Keywords,8329,294,242659681,14.77,9,2024-02-19T06:00:00Z,false
2024-02-19,111002,Competitor - Search,ag_111002a,Competitor Terms,11901,628,627640238,35.96,18,2024-02-19T06:00:00Z,false
2024-02-19,111003,Product - Search,ag_111003a,Product Keywords,5701,332,645950532,7.47,9,2024-02-19T06:00:00Z,false
2024-02-19,111004,Remarketing - Display,ag_111004a,All Visitors,4063,324,1005697859,4.97,12,2024-02-19T06:00:00Z,false
2024-02-20,111001,Brand - Search,ag_111001a,Brand Keywords,10170,422,674717001,18.97,0,2024-02-20T06:00:00Z,false
2024-02-20,111002,Competitor - Search,ag_111002a,Competitor Terms,11584,506,415863440,26.95,1,2024-02-20T06:00:00Z,false
2024-02-20,111003,Product - Search,ag_111003a,Product Keywords,10735,694,2115773530,38.27,7,2024-02-20T06:00:00Z,false
2024-02-20,111004,Remarketing - Display,ag_111004a,All Visitors,10746,731,1017049258,14.26,8,2024-02-20T06:00:00Z,false
2024-02-21,111001,Brand - Search,ag_111001a,Brand Keywords,11904,777,2231676937,34.22,4,2024-02-21T06:00:00Z,false
2024-02-21,111002,Competitor - Search,ag_111002a,Competitor Terms,11093,286,713323150,3.42,14,2024-02-21T06:00:00Z,false
2024-02-21,111003,Product - Search,ag_111003a,Product Keywords,1346,73,202748110,1.06,9,2024-02-21T06:00:00Z,false
2024-02-21,111004,Remarketing - Display,ag_111004a,All Visitors,6152,398,507142819,6.61,17,2024-02-21T06:00:00Z,false
2024-02-22,111001,Brand - Search,ag_111001a,Brand Keywords,6794,352,1149778020,18.14,8,2024-02-22T06:00:00Z,false
2024-02-22,111002,Competitor - Search,ag_111002a,Competitor Terms,8694,678,1082685936,36.29,3,2024-02-22T06:00:00Z,false
2024-02-22,111003,Product - Search,ag_111003a,Product Keywords,8473,658,776468912,38.38,12,2024-02-22T06:00:00Z,false
2024-02-22,111004,Remarketing - Display,ag_111004a,All Visitors,9931,416,1220893987,4.45,17,2024-02-22T06:00:00Z,false
2024-02-23,111001,Brand - Search,ag_111001a,Brand Keywords,2824,133,348012671,5.8,18,2024-02-23T06:00:00Z,false
2024-02-23,111002,Competitor - Search,ag_111002a,Competitor Terms,7042,488,1629328596,7.52,7,2024-02-23T06:00:00Z,false
2024-02-23,111003,Product - Search,ag_111003a,Product Keywords,8524,183,583300437,6.97,19,2024-02-23T06:00:00Z,false
2024-02-23,111004,Remarketing - Display,ag_111004a,All Visitors,4426,260,654053553,8.64,9,2024-02-23T06:00:00Z,false
2024-02-24,111001,Brand - Search,ag_111001a,Brand Keywords,11437,508,598118150,29.12,9,2024-02-24T06:00:00Z,false
2024-02-24,111002,Competitor - Search,ag_111002a,Competitor Terms,8871,239,342716460,8.81,12,2024-02-24T06:00:00Z,false
2024-02-24,111003,Product - Search,ag_111003a,Product Keywords,8232,347,1167074841,15.55,17,2024-02-24T06:00:00Z,false
2024-02-24,111004,Remarketing - Display,ag_111004a,All Visitors,7666,423,1168248889,22.96,20,2024-02-24T06:00:00Z,false
2024-02-25,111001,Brand - Search,ag_111001a,Brand Keywords,2422,169,416122105,9.62,8,2024-02-25T06:00:00Z,false
2024-02-25,111002,Competitor - Search,ag_111002a,Competitor Terms,1336,82,113703508,2.64,7,2024-02-25T06:00:00Z,false
2024-02-25,111003,Product - Search,ag_111003a,Product Keywords,6742,175,463983925,6.51,20,2024-02-25T06:00:00Z,false
2024-02-25,111004,Remarketing - Display,ag_111004a,All Visitors,6676,157,242546142,9.17,14,2024-02-25T06:00:00Z,false
2024-02-26,111001,Brand - Search,ag_111001a,Brand Keywords,2301,137,346966482,5.46,0,2024-02-26T06:00:00Z,false
2024-02-26,111002,Competitor - Search,ag_111002a,Competitor Terms,1628,109,158882326,1.78,18,2024-02-26T06:00:00Z,false
2024-02-26,111003,Product - Search,ag_111003a,Product Keywords,4162,100,286592491,2.04,6,2024-02-26T06:00:00Z,false
2024-02-26,111004,Remarketing - Display,ag_111004a,All Visitors,4617,183,219306520,10.07,0,2024-02-26T06:00:00Z,false
2024-02-27,111001,Brand - Search,ag_111001a,Brand Keywords,5342,381,453640525,6.29,8,2024-02-27T06:00:00Z,false
2024-02-27,111002,Competitor - Search,ag_111002a,Competitor Terms,3658,97,304522701,1.61,11,2024-02-27T06:00:00Z,false
2024-02-27,111003,Product - Search,ag_111003a,Product Keywords,4698,259,218235711,6.03,4,2024-02-27T06:00:00Z,false
2024-02-27,111004,Remarketing - Display,ag_111004a,All Visitors,7697,396,1114065312,13.39,11,2024-02-27T06:00:00Z,false
2024-02-28,111001,Brand - Search,ag_111001a,Brand Keywords,9208,512,1034452292,10.79,19,2024-02-28T06:00:00Z,false
2024-02-28,111002,Competitor - Search,ag_111002a,Competitor Terms,1510,96,312348437,4.12,9,2024-02-28T06:00:00Z,false
2024-02-28,111003,Product - Search,ag_111003a,Product Keywords,8304,486,429675869,29.13,12,2024-02-28T06:00:00Z,false
2024-02-28,111004,Remarketing - Display,ag_111004a,All Visitors,7784,476,1010893531,26.41,2,2024-02-28T06:00:00Z,false
2024-02-29,111001,Brand - Search,ag_111001a,Brand Keywords,2123,83,99641610,1.35,19,2024-02-29T06:00:00Z,false
2024-02-29,111002,Competitor - Search,ag_111002a,Competitor Terms,11172,615,1674529718,17.86,19,2024-02-29T06:00:00Z,false
2024-02-29,111003,Product - Search,ag_111003a,Product Keywords,9492,357,772900680,11.25,3,2024-02-29T06:00:00Z,false
2024-02-29,111004,Remarketing - Display,ag_111004a,All Visitors,11526,680,1955815572,31.31,6,2024-02-29T06:00:00Z,false
2024-03-01,111001,Brand - Search,ag_111001a,Brand Keywords,7846,369,522848148,9.94,14,2024-03-01T06:00:00Z,false
2024-03-01,111002,Competitor - Search,ag_111002a,Competitor Terms,7332,329,347664751,10.31,8,2024-03-01T06:00:00Z,false
2024-03-01,111003,Product - Search,ag_111003a,Product Keywords,6932,535,1420112985,18.04,2,2024-03-01T06:00:00Z,false
2024-03-01,111004,Remarketing - Display,ag_111004a,All Visitors,2198,56,59400542,2.63,4,2024-03-01T06:00:00Z,false
2024-03-02,111001,Brand - Search,ag_111001a,Brand Keywords,9915,233,788212550,8.87,3,2024-03-02T06:00:00Z,false
2024-03-02,111002,Competitor - Search,ag_111002a,Competitor Terms,7530,310,804890015,14.73,1,2024-03-02T06:00:00Z,false
2024-03-02,111003,Product - Search,ag_111003a,Product Keywords,5512,308,538828968,11.98,6,2024-03-02T06:00:00Z,false
2024-03-02,111004,Remarketing - Display,ag_111004a,All Visitors,3335,198,278281307,3.05,17,2024-03-02T06:00:00Z,false
2024-03-03,111001,Brand - Search,ag_111001a,Brand Keywords,6822,183,284040553,3.9,13,2024-03-03T06:00:00Z,false
2024-03-03,111002,Competitor - Search,ag_111002a,Competitor Terms,9990,783,2356636223,31.85,20,2024-03-03T06:00:00Z,false
2024-03-03,111003,Product - Search,ag_111003a,Product Keywords,9921,214,708024903,11.02,8,2024-03-03T06:00:00Z,false
2024-03-03,111004,Remarketing - Display,ag_111004a,All Visitors,1274,39,105194180,0.99,10,2024-03-03T06:00:00Z,false
2024-03-04,111001,Brand - Search,ag_111001a,Brand Keywords,6551,133,418767697,5.1,12,2024-03-04T06:00:00Z,false
2024-03-04,111002,Competitor - Search,ag_111002a,Competitor Terms,1940,55,138026043,0.63,16,2024-03-04T06:00:00Z,false
2024-03-04,111003,Product - Search,ag_111003a,Product Keywords,4324,184,372571228,3.29,9,2024-03-04T06:00:00Z,false
2024-03-04,111004,Remarketing - Display,ag_111004a,All Visitors,6114,407,949328559,5.8,1,2024-03-04T06:00:00Z,false
2024-03-05,111001,Brand - Search,ag_111001a,Brand Keywords,3349,98,241879982,4.28,8,2024-03-05T06:00:00Z,false
2024-03-05,111002,Competitor - Search,ag_111002a,Competitor Terms,8059,481,1015528856,15.44,8,2024-03-05T06:00:00Z,false
2024-03-05,111003,Product - Search,ag_111003a,Product Keywords,4331,282,312260650,8.88,9,2024-03-05T06:00:00Z,false
2024-03-05,111004,Remarketing - Display,ag_111004a,All Visitors,11911,723,1528355797,31.35,1,2024-03-05T06:00:00Z,false
2024-03-06,111001,Brand - Search,ag_111001a,Brand Keywords,4412,192,464290057,1.99,9,2024-03-06T06:00:00Z,false
2024-03-06,111002,Competitor - Search,ag_111002a,Competitor Terms,4260,281,804568871,6.88,3,2024-03-06T06:00:00Z,false
2024-03-06,111003,Product - Search,ag_111003a,Product Keywords,926,46,90287352,0.76,17,2024-03-06T06:00:00Z,false
2024-03-06,111004,Remarketing - Display,ag_111004a,All Visitors,4570,228,695412847,11.47,2,2024-03-06T06:00:00Z,false
2024-03-07,111001,Brand - Search,ag_111001a,Brand Keywords,7305,523,478135023,5.72,2,2024-03-07T06:00:00Z,false
2024-03-07,111002,Competitor - Search,ag_111002a,Competitor Terms,5929,323,758461861,14.69,13,2024-03-07T06:00:00Z,false
2024-03-07,111003,Product - Search,ag_111003a,Product Keywords,5543,149,127590593,3.91,19,2024-03-07T06:00:00Z,false
2024-03-07,111004,Remarketing - Display,ag_111004a,All Visitors,8338,583,1914209566,8.4,3,2024-03-07T06:00:00Z,false
2024-03-08,111001,Brand - Search,ag_111001a,Brand Keywords,4786,220,413867190,3.07,9,2024-03-08T06:00:00Z,false
2024-03-08,111002,Competitor - Search,ag_111002a,Competitor Terms,6362,211,612663449,2.92,20,2024-03-08T06:00:00Z,false
2024-03-08,111003,Product - Search,ag_111003a,Product Keywords,2668,138,182648520,6.74,11,2024-03-08T06:00:00Z,false
2024-03-08,111004,Remarketing - Display,ag_111004a,All Visitors,11374,783,1125895973,13.56,6,2024-03-08T06:00:00Z,false
2024-03-09,111001,Brand - Search,ag_111001a,Brand Keywords,3642,204,581926584,8.73,5,2024-03-09T06:00:00Z,false
2024-03-09,111002,Competitor - Search,ag_111002a,Competitor Terms,11088,550,1560352050,26.4,14,2024-03-09T06:00:00Z,false
2024-03-09,111003,Product - Search,ag_111003a,Product Keywords,11959,902,2096363289,37.67,19,2024-03-09T06:00:00Z,false
2024-03-09,111004,Remarketing - Display,ag_111004a,All Visitors,6095,437,1089653818,7.67,2,2024-03-09T06:00:00Z,false
2024-03-10,111001,Brand - Search,ag_111001a,Brand Keywords,8482,394,637340378,9.35,1,2024-03-10T06:00:00Z,false
2024-03-10,111002,Competitor - Search,ag_111002a,Competitor Terms,6566,331,542211496,10.79,1,2024-03-10T06:00:00Z,false
2024-03-10,111003,Product - Search,ag_111003a,Product Keywords,6841,478,481429030,25.44,2,2024-03-10T06:00:00Z,false
2024-03-10,111004,Remarketing - Display,ag_111004a,All Visitors,10876,605,1112052125,23.6,1,2024-03-10T06:00:00Z,false
2024-03-11,111001,Brand - Search,ag_111001a,Brand Keywords,8168,608,1424831616,11.8,19,2024-03-11T06:00:00Z,false
2024-03-11,111002,Competitor - Search,ag_111002a,Competitor Terms,8592,430,1455915658,13.99,10,2024-03-11T06:00:00Z,false
2024-03-11,111003,Product - Search,ag_111003a,Product Keywords,2181,109,137984087,2.44,14,2024-03-11T06:00:00Z,false
2024-03-11,111004,Remarketing - Display,ag_111004a,All Visitors,7999,411,1005501059,11.59,9,2024-03-11T06:00:00Z,false
2024-03-12,111001,Brand - Search,ag_111001a,Brand Keywords,7147,318,544922032,12.69,20,2024-03-12T06:00:00Z,false
2024-03-12,111002,Competitor - Search,ag_111002a,Competitor Terms,11405,457,772405422,17.32,12,2024-03-12T06:00:00Z,false
2024-03-12,111003,Product - Search,ag_111003a,Product Keywords,5455,191,591952720,11.12,19,2024-03-12T06:00:00Z,false
2024-03-12,111004,Remarketing - Display,ag_111004a,All Visitors,3263,130,308541569,2.22,11,2024-03-12T06:00:00Z,false
2024-03-13,111001,Brand - Search,ag_111001a,Brand Keywords,5882,459,1232826217,13.59,19,2024-03-13T06:00:00Z,false
2024-03-13,111002,Competitor - Search,ag_111002a,Competitor Terms,2188,84,152630866,4.16,4,2024-03-13T06:00:00Z,false
2024-03-13,111003,Product - Search,ag_111003a,Product Keywords,11779,732,2457465485,43.82,16,2024-03-13T06:00:00Z,false
2024-03-13,111004,Remarketing - Display,ag_111004a,All Visitors,2331,136,264274817,3.82,11,2024-03-13T06:00:00Z,false
2024-03-14,111001,Brand - Search,ag_111001a,Brand Keywords,5860,180,248097633,10.33,15,2024-03-14T06:00:00Z,false
2024-03-14,111002,Competitor - Search,ag_111002a,Competitor Terms,3945,132,154628291,1.83,3,2024-03-14T06:00:00Z,false
2024-03-14,111003,Product - Search,ag_111003a,Product Keywords,9117,604,1845113413,32.73,1,2024-03-14T06:00:00Z,false
2024-03-14,111004,Remarketing - Display,ag_111004a,All Visitors,11645,468,1342706288,7.75,12,2024-03-14T06:00:00Z,false
2024-03-15,111001,Brand - Search,ag_111001a,Brand Keywords,3327,98,298373901,4.76,5,2024-03-15T06:00:00Z,false
2024-03-15,111002,Competitor - Search,ag_111002a,Competitor Terms,7970,180,321049515,8.28,14,2024-03-15T06:00:00Z,false
2024-03-15,111003,Product - Search,ag_111003a,Product Keywords,10803,400,1128419439,12.98,17,2024-03-15T06:00:00Z,false
2024-03-15,111004,Remarketing - Display,ag_111004a,All Visitors,4718,181,539974485,6.05,6,2024-03-15T06:00:00Z,false
2024-03-16,111001,Brand - Search,ag_111001a,Brand Keywords,6826,414,968814797,13.26,9,2024-03-16T06:00:00Z,false
2024-03-16,111002,Competitor - Search,ag_111002a,Competitor Terms,7056,354,683356018,6.41,6,2024-03-16T06:00:00Z,false
2024-03-16,111003,Product - Search,ag_111003a,Product Keywords,10706,303,446927627,12.74,11,2024-03-16T06:00:00Z,false
2024-03-16,111004,Remarketing - Display,ag_111004a,All Visitors,9885,751,2043307761,26.88,3,2024-03-16T06:00:00Z,false
2024-03-17,111001,Brand - Search,ag_111001a,Brand Keywords,5470,136,167666689,4.42,16,2024-03-17T06:00:00Z,false
2024-03-17,111002,Competitor - Search,ag_111002a,Competitor Terms,3214,224,234668366,12.44,14,2024-03-17T06:00:00Z,false
2024-03-17,111003,Product - Search,ag_111003a,Product Keywords,6527,494,948589492,14.73,11,2024-03-17T06:00:00Z,false
2024-03-17,111004,Remarketing - Display,ag_111004a,All Visitors,4662,201,205087270,4.27,10,2024-03-17T06:00:00Z,false
2024-03-18,111001,Brand - Search,ag_111001a,Brand Keywords,2423,170,434331954,8.43,4,2024-03-18T06:00:00Z,false
2024-03-18,111002,Competitor - Search,ag_111002a,Competitor Terms,1427,53,161138882,2.37,4,2024-03-18T06:00:00Z,false
2024-03-18,111003,Product - Search,ag_111003a,Product Keywords,8485,398,324042937,5.56,8,2024-03-18T06:00:00Z,false
2024-03-18,111004,Remarketing - Display,ag_111004a,All Visitors,4333,303,691376753,14.05,16,2024-03-18T06:00:00Z,false
2024-03-19,111001,Brand - Search,ag_111001a,Brand Keywords,7734,206,325042097,5.16,1,2024-03-19T06:00:00Z,false
2024-03-19,111002,Competitor - Search,ag_111002a,Competitor Terms,4706,212,624027849,6.97,3,2024-03-19T06:00:00Z,false
2024-03-19,111003,Product - Search,ag_111003a,Product Keywords,8989,501,423032100,17.92,7,2024-03-19T06:00:00Z,false
2024-03-19,111004,Remarketing - Display,ag_111004a,All Visitors,3152,118,94898397,3.26,18,2024-03-19T06:00:00Z,false
2024-03-20,111001,Brand - Search,ag_111001a,Brand Keywords,7625,238,619794896,8.61,11,2024-03-20T06:00:00Z,false
2024-03-20,111002,Competitor - Search,ag_111002a,Competitor Terms,1908,147,333546129,7.25,16,2024-03-20T06:00:00Z,false
2024-03-20,111003,Product - Search,ag_111003a,Product Keywords,9879,209,660020930,2.54,12,2024-03-20T06:00:00Z,false
2024-03-20,111004,Remarketing - Display,ag_111004a,All Visitors,6916,243,205056527,12.01,11,2024-03-20T06:00:00Z,false
2024-03-21,111001,Brand - Search,ag_111001a,Brand Keywords,4750,303,756377021,14.72,10,2024-03-21T06:00:00Z,false
2024-03-21,111002,Competitor - Search,ag_111002a,Competitor Terms,2985,67,152373886,3.4,5,2024-03-21T06:00:00Z,false
2024-03-21,111003,Product - Search,ag_111003a,Product Keywords,8412,663,1387018650,12.67,4,2024-03-21T06:00:00Z,false
2024-03-21,111004,Remarketing - Display,ag_111004a,All Visitors,1833,115,384989399,1.36,6,2024-03-21T06:00:00Z,false
2024-03-22,111001,Brand - Search,ag_111001a,Brand Keywords,1517,102,325546672,2.63,9,2024-03-22T06:00:00Z,false
2024-03-22,111002,Competitor - Search,ag_111002a,Competitor Terms,9244,405,1215646549,13.64,1,2024-03-22T06:00:00Z,false
2024-03-22,111003,Product - Search,ag_111003a,Product Keywords,11398,358,631451238,17.56,20,2024-03-22T06:00:00Z,false
2024-03-22,111004,Remarketing - Display,ag_111004a,All Visitors,6238,227,671516964,7.23,12,2024-03-22T06:00:00Z,false
2024-03-23,111001,Brand - Search,ag_111001a,Brand Keywords,8004,589,1086081174,34.57,15,2024-03-23T06:00:00Z,false
2024-03-23,111002,Competitor - Search,ag_111002a,Competitor Terms,8951,376,1110209701,8.77,2,2024-03-23T06:00:00Z,false
2024-03-23,111003,Product - Search,ag_111003a,Product Keywords,7755,191,463485166,9.76,17,2024-03-23T06:00:00Z,false
2024-03-23,111004,Remarketing - Display,ag_111004a,All Visitors,5613,220,223560933,9.47,9,2024-03-23T06:00:00Z,false
2024-03-24,111001,Brand - Search,ag_111001a,Brand Keywords,8105,455,887483595,20.24,11,2024-03-24T06:00:00Z,false
2024-03-24,111002,Competitor - Search,ag_111002a,Competitor Terms,8125,183,576285368,5.06,13,2024-03-24T06:00:00Z,false
2024-03-24,111003,Product - Search,ag_111003a,Product Keywords,5298,309,907529952,3.98,20,2024-03-24T06:00:00Z,false
2024-03-24,111004,Remarketing - Display,ag_111004a,All Visitors,7455,311,921480290,13.67,0,2024-03-24T06:00:00Z,false
2024-03-25,111001,Brand - Search,ag_111001a,Brand Keywords,3139,222,584046469,7.08,4,2024-03-25T06:00:00Z,false
2024-03-25,111002,Competitor - Search,ag_111002a,Competitor Terms,1901,64,162684144,1.8,18,2024-03-25T06:00:00Z,false
2024-03-25,111003,Product - Search,ag_111003a,Product Keywords,1330,74,194876598,4.25,11,2024-03-25T06:00:00Z,false
2024-03-25,111004,Remarketing - Display,ag_111004a,All Visitors,8073,531,1247631653,19.37,12,2024-03-25T06:00:00Z,false
2024-03-26,111001,Brand - Search,ag_111001a,Brand Keywords,5950,350,515883012,5.49,5,2024-03-26T06:00:00Z,false
2024-03-26,111002,Competitor - Search,ag_111002a,Competitor Terms,8976,458,1496086662,7.28,8,2024-03-26T06:00:00Z,false
2024-03-26,111003,Product - Search,ag_111003a,Product Keywords,8111,266,652250192,11.89,15,2024-03-26T06:00:00Z,false
2024-03-26,111004,Remarketing - Display,ag_111004a,All Visitors,4079,111,344392039,3.62,14,2024-03-26T06:00:00Z,false
2024-03-27,111001,Brand - Search,ag_111001a,Brand Keywords,2238,153,522099546,9.08,11,2024-03-27T06:00:00Z,false
2024-03-27,111002,Competitor - Search,ag_111002a,Competitor Terms,1863,98,155229860,2.45,5,2024-03-27T06:00:00Z,false
2024-03-27,111003,Product - Search,ag_111003a,Product Keywords,11248,342,607401881,7.25,6,2024-03-27T06:00:00Z,false
2024-03-27,111004,Remarketing - Display,ag_111004a,All Visitors,3075,105,224055219,2.94,18,2024-03-27T06:00:00Z,false
2024-03-28,111001,Brand - Search,ag_111001a,Brand Keywords,6844,328,1132955389,5.41,2,2024-03-28T06:00:00Z,false
2024-03-28,111002,Competitor - Search,ag_111002a,Competitor Terms,1877,72,251921276,3.31,16,2024-03-28T06:00:00Z,false
2024-03-28,111003,Product - Search,ag_111003a,Product Keywords,7530,498,1505462156,6.82,10,2024-03-28T06:00:00Z,false
2024-03-28,111004,Remarketing - Display,ag_111004a,All Visitors,11324,276,567938900,9.9,4,2024-03-28T06:00:00Z,false
2024-03-29,111001,Brand - Search,ag_111001a,Brand Keywords,9832,574,741206469,33.47,13,2024-03-29T06:00:00Z,false
2024-03-29,111002,Competitor - Search,ag_111002a,Competitor Terms,9038,674,640040304,10.92,4,2024-03-29T06:00:00Z,false
2024-03-29,111003,Product - Search,ag_111003a,Product Keywords,5782,172,287443652,7.82,11,2024-03-29T06:00:00Z,false
2024-03-29,111004,Remarketing - Display,ag_111004a,All Visitors,9301,685,2112554389,15.43,20,2024-03-29T06:00:00Z,false
2024-03-30,111001,Brand - Search,ag_111001a,Brand Keywords,9824,358,890546614,14.58,2,2024-03-30T06:00:00Z,false
2024-03-30,111002,Competitor - Search,ag_111002a,Competitor Terms,9034,528,1266082119,20.61,5,2024-03-30T06:00:00Z,false
2024-03-30,111003,Product - Search,ag_111003a,Product Keywords,11592,666,2154778007,17.9,18,2024-03-30T06:00:00Z,false
2024-03-30,111004,Remarketing - Display,ag_111004a,All Visitors,1474,102,89414058,1.25,20,2024-03-30T06:00:00Z,false
